-- MySQL dump 10.13  Distrib 8.0.39, for Win64 (x86_64)
--
-- Host: 116.205.241.217    Database: career_planning
-- ------------------------------------------------------
-- Server version	9.0.1

/*!40101 SET @OLD_CHARACTER_SET_CLIENT=@@CHARACTER_SET_CLIENT */;
/*!40101 SET @OLD_CHARACTER_SET_RESULTS=@@CHARACTER_SET_RESULTS */;
/*!40101 SET @OLD_COLLATION_CONNECTION=@@COLLATION_CONNECTION */;
/*!50503 SET NAMES utf8mb4 */;
/*!40103 SET @OLD_TIME_ZONE=@@TIME_ZONE */;
/*!40103 SET TIME_ZONE='+00:00' */;
/*!40014 SET @OLD_UNIQUE_CHECKS=@@UNIQUE_CHECKS, UNIQUE_CHECKS=0 */;
/*!40014 SET @OLD_FOREIGN_KEY_CHECKS=@@FOREIGN_KEY_CHECKS, FOREIGN_KEY_CHECKS=0 */;
/*!40101 SET @OLD_SQL_MODE=@@SQL_MODE, SQL_MODE='NO_AUTO_VALUE_ON_ZERO' */;
/*!40111 SET @OLD_SQL_NOTES=@@SQL_NOTES, SQL_NOTES=0 */;

--
-- Table structure for table `jobs`
--

DROP TABLE IF EXISTS `jobs`;
/*!40101 SET @saved_cs_client     = @@character_set_client */;
/*!50503 SET character_set_client = utf8mb4 */;
CREATE TABLE `jobs` (
  `id` bigint unsigned NOT NULL AUTO_INCREMENT COMMENT '职位ID，主键',
  `title` varchar(100) NOT NULL COMMENT '职位名称',
  `description` varchar(1000) DEFAULT NULL COMMENT '职位描述',
  `outlook` varchar(500) DEFAULT NULL COMMENT '职业前景',
  `salary` varchar(30) DEFAULT NULL COMMENT '薪资范围(如:15k-30k)',
  `skills` json DEFAULT NULL COMMENT '所需技能(JSON数组格式)',
  `type` tinyint(1) NOT NULL DEFAULT '7' COMMENT '1:农业类,2:工业类,3:服务业类,4:专业技术类,5:管理类,6:艺术与娱乐类,7:其他',
  `personality_traits` json DEFAULT NULL COMMENT '适合的性格',
  `daily_tasks` varchar(500) DEFAULT NULL COMMENT '日常工作内容',
  `career_growth` varchar(200) DEFAULT NULL COMMENT '职业发展方向',
  `automation_risk` char(20) DEFAULT NULL COMMENT '被AI/自动化替代的风险',
  `risk_explanation` varchar(100) DEFAULT NULL,
  PRIMARY KEY (`id`)
) ENGINE=InnoDB AUTO_INCREMENT=233 DEFAULT CHARSET=utf8mb4 COLLATE=utf8mb4_0900_ai_ci COMMENT='职位信息表';
/*!40101 SET character_set_client = @saved_cs_client */;

--
-- Dumping data for table `jobs`
--

LOCK TABLES `jobs` WRITE;
/*!40000 ALTER TABLE `jobs` DISABLE KEYS */;
INSERT INTO `jobs` VALUES (208,'产品经理','产品经理是企业中负责产品全生命周期管理的重要角色，需要协调研发、市场、运营等多个部门，确保产品按时高质量交付。日常工作包括需求调研、竞品分析、制定产品路线图以及推动项目落地。在数字化时代，产品经理需要熟练运用Axure、Sketch等工具进行原型设计，并具备良好的逻辑思维能力和沟通技巧。由于产品创新往往需要突破性改变，因此产品经理需要敏锐的市场洞察力和强大的抗压能力。','随着数字化转型的深入推进，产品经理的需求量持续增长，尤其是在互联网、金融和制造业等领域。政策层面，国家鼓励企业加强自主研发和技术创新，为产品经理提供了广阔的发展空间。未来5年，AI驱动的产品设计和智能化需求将进一步增加，产品经理需要掌握更多技术知识。此外，随着大企业的规范化管理，产品经理的职业路径更加清晰，可晋升至产品总监甚至联合创始人。💼','年薪 25-45万 💰','[\"需求分析\", \"竞品分析\", \"原型设计\", \"项目管理\", \"沟通能力\"]',5,'[\"逻辑性强 🧠\", \"团队协作 👥\", \"抗压能力强 💪\", \"业务敏感度 💡\"]','1. 进行需求调研\n2. 制定产品路线图\n3. 推动项目进度\n4. 定期与团队沟通\n5. 分析竞品动态','初级产品经理 → 高级产品经理 → 产品总监 → 副总经理 或 自主创业 🌟','较低风险 ✅','产品设计和战略决策需要人类的专业判断，但日常事务处理可能会被部分自动化工具取代。🤖'),(209,'供应链管理师','供应链管理师负责企业原材料采购、库存控制、物流配送等环节的优化，确保供应链高效运转。他们需要熟悉ERP系统，并能够运用数据分析工具优化供应链流程。在团队合作中，供应链管理师需要与采购、仓储、运输等部门保持密切联系，确保各个环节无缝衔接。尽管供应链管理的部分流程可以通过技术手段优化，但复杂问题的解决和全局策略的制定仍需人类的深度参与。','在全球化和数字化的背景下，供应链管理的重要性日益凸显。随着‘双循环’新发展格局的推进，国内供应链自主可控能力成为重要目标。未来几年，区块链技术和AI在供应链领域的应用将进一步深化，提升透明度和效率。然而，由于供应链涉及多方协作，规则和制度的执行尤为重要，这也符合你的工作偏好。供应链管理师的职业发展前景广阔，可晋升至供应链总监甚至首席供应链官（CSCO）。📦','年薪 20-40万 💰','[\"供应链管理\", \"数据分析\", \"ERP系统\", \"物流管理\", \"谈判能力\"]',5,'[\"细致严谨 🔍\", \"团队协作 👥\", \"规则意识强 ✅\", \"抗压能力强 💪\"]','1. 制定采购计划\n2. 监控库存水平\n3. 协调物流配送\n4. 分析供应链数据\n5. 解决突发问题','初级供应链管理师 → 高级供应链管理师 → 供应链总监 → 首席供应链官（CSCO） 或 自主创业 🚀','较低风险 ✅','供应链流程可部分自动化，但全局规划和复杂问题解决仍需人类决策。🧠'),(210,'用户体验设计师','用户体验设计师专注于提升产品或服务的易用性和吸引力，通过用户研究、交互设计和视觉设计等方式改善用户的使用体验。他们需要深入了解用户需求，并运用设计工具（如Sketch、Figma）创建直观的界面。虽然用户体验设计的部分流程可以借助AI工具完成，但创意构思和情感共鸣仍需人类的深度参与。','随着互联网行业的快速发展，用户体验设计师的需求持续增长。政策层面，国家鼓励企业提升服务质量，用户体验设计成为重要的竞争优势。未来几年，AI辅助设计工具将进一步普及，帮助设计师提高效率。然而，创意构思和用户洞察仍是设计师的核心竞争力。用户体验设计师的职业发展路径多样，可晋升至设计总监甚至独立创业。','年薪 20-35万 💰','[\"用户研究\", \"交互设计\", \"视觉设计\", \"设计工具\", \"创意思维\"]',6,'[\"创意性强 🎨\", \"同理心强 🤗\", \"沟通能力强 🗣️\", \"细节敏感 🔍\"]','1. 进行用户研究\n2. 设计交互原型\n3. 创建视觉方案\n4. 测试用户反馈\n5. 优化设计方案','初级UX设计师 → 高级UX设计师 → 用户体验设计总监 → 创业或转型产品经理 🎭','中等风险 ⚠️','部分设计流程可被AI辅助，但创意构思和用户洞察仍需人类参与。🎨'),(211,'质量保证工程师','质量保证工程师负责产品的质量检测和改进，确保产品符合既定标准。他们需要熟悉ISO、QC七大手法等质量管理工具，并能够运用统计学方法分析质量问题。在团队合作中，质量保证工程师需要与研发、生产等部门密切配合，确保产品质量稳定。尽管部分质量检测流程可以通过自动化设备完成，但复杂问题的分析和改进仍需人类的专业判断。','随着制造业的转型升级，质量保证工程师的需求稳步增长。政策层面，国家推动制造业高质量发展，对质量保证提出了更高要求。未来几年，AI和大数据技术将在质量检测中广泛应用，提升效率和准确性。然而，复杂问题的分析和改进仍需人类的专业知识。质量保证工程师的职业发展路径清晰，可晋升至质量总监甚至首席质量官（CQO）。🔧','年薪 18-30万 💰','[\"质量管理\", \"统计学\", \"ISO认证\", \"QC七大手法\", \"问题分析\"]',4,'[\"细致严谨 🔍\", \"团队协作 👥\", \"规则意识强 ✅\", \"抗压能力强 💪\"]','1. 制定质量标准\n2. 实施质量检测\n3. 分析质量问题\n4. 提出改进建议\n5. 跟踪改进效果','初级QA工程师 → 高级QA工程师 → 质量总监 → 首席质量官（CQO） 或 自主创业 🛠️','较低风险 ✅','质量检测流程可部分自动化，但复杂问题分析和改进仍需人类决策。⚙️'),(212,'系统分析师','系统分析师负责分析现有信息系统的需求，并提出改进方案。日常工作包括收集需求、制定技术规格说明书、评估系统性能并优化流程。他们需要对业务逻辑有深刻理解，能够快速识别问题并提供解决方案。系统分析师在企业信息化建设中扮演着重要角色，尤其是在大型项目中，其逻辑思维能力和结构化流程把控能力尤为重要。','随着企业数字化转型的加速，系统分析师的需求量持续增长。特别是在制造业、金融行业和政府机构，系统分析师的作用尤为突出。未来，随着低代码平台的普及，传统的系统分析工作可能会部分被自动化工具替代，但复杂系统的优化和定制化需求依然需要专业人员介入。此外，云计算和大数据技术的发展也为系统分析师提供了更多机会，尤其是在构建云原生系统和优化数据流方面。','年薪 15-30万 💰','[\"需求分析\", \"逻辑推理\", \"项目管理\", \"IT系统知识\"]',4,'[\"逻辑性强 🧠\", \"注重细节 🔍\", \"团队协作 👥\", \"善于沟通 🗣️\"]','1. 收集和分析业务需求\n2. 制定技术规格说明书\n3. 评估系统性能并提出改进建议\n4. 协调开发团队实施解决方案\n5. 定期汇报进展','初级系统分析师 → 高级系统分析师 → IT项目经理 或 转技术顾问方向 📈','较低风险 ✅','基础需求分析可被部分工具辅助，但复杂问题解决仍需人工介入。🤖'),(213,'信息安全分析师','信息安全分析师负责保护组织的信息资产免受威胁。他们的工作包括监控网络安全、检测和响应安全事件、制定安全策略并进行渗透测试。信息安全分析师需要具备敏锐的安全意识和逻辑分析能力，以应对不断变化的网络威胁。','随着网络攻击的频率和复杂度不断增加，信息安全分析师的需求持续增长。特别是在金融、政府和科技行业，信息安全分析师的地位尤为重要。未来，随着人工智能在网络安全领域的应用，信息安全分析师的工作将更加智能化，但对复杂威胁的深度分析仍需人工介入。','年薪 18-35万 💰','[\"网络安全\", \"渗透测试\", \"逻辑推理\", \"信息安全策略\"]',4,'[\"敏锐的洞察力 🔍\", \"责任心强 🛡️\", \"团队协作 👥\", \"持续学习 📚\"]','1. 监控网络安全\n2. 检测和响应安全事件\n3. 制定安全策略\n4. 进行渗透测试\n5. 定期汇报安全状况','初级信息安全分析师 → 高级信息安全分析师 → 信息安全经理 或 转安全顾问方向 📈','中等风险 ⚠️','部分安全监控任务可被自动化工具替代，但复杂威胁分析仍需人工判断。🤖'),(214,'风险管理师','风险管理师主要负责识别、评估和控制企业面临的各种风险，确保业务运营的安全性和合规性。日常工作包括制定风险管理策略、监控风险指标、撰写风险报告，并与内部各部门协调以降低潜在风险。随着金融行业的快速发展，尤其是金融科技（FinTech）的兴起，风险管理师在银行、保险、证券等领域的市场需求持续增加。虽然部分风险监测可以通过自动化工具完成，但复杂的风险评估和战略决策仍需人类的专业判断。','在全球经济不确定性增强的背景下，风险管理的重要性日益凸显。特别是在金融行业中，合规要求不断提高，企业对风险管理师的需求持续上升。政策层面，各国金融监管机构推动的合规体系建设进一步扩大了这一岗位的需求。未来，风险管理师需要掌握更多定量分析工具（如Python、R语言）和机器学习技术，以应对复杂的市场环境。职业发展方向包括首席风险官（CRO）、风险咨询顾问或风险科技（RegTech）领域的专家。','年薪 20-40万 💰','[\"风险管理\", \"数据分析\", \"合规知识\", \"金融知识\", \"Python\"]',4,'[\"细致严谨 🧐\", \"逻辑性强 🧠\", \"抗压能力强 💪\", \"团队合作 👥\"]','1. 风险识别与评估\n2. 制定风险管理策略\n3. 监控风险指标\n4. 编写风险报告\n5. 与各部门协作','初级风险管理师 → 高级风险管理师 → 首席风险官（CRO） 或 风险咨询顾问 📈','较低风险 ✅','风险评估和监控可以部分自动化，但复杂决策仍需人类专业判断。🤖'),(215,'内部控制审计师','内部控制审计师负责对企业内部的财务和运营活动进行独立审查，以确保其符合法律法规和公司政策。日常工作包括制定审计计划、执行现场审计、撰写审计报告，并提出改进建议。他们在制造业和金融业等行业尤为关键，尤其是在企业合规性和内控体系建设方面。虽然审计流程可以通过自动化工具简化，但深入理解业务背景和提出针对性建议的能力仍是审计师的核心竞争力。','随着企业对内部控制和合规性的重视程度不断提高，内部控制审计师的需求稳步增长。特别是在金融和制造业中，内部控制审计师在防范舞弊行为、优化运营流程方面发挥着重要作用。政策层面，政府对企业的合规性要求日益严格，进一步推动了该岗位的发展。未来，审计师需要掌握更多数据分析工具（如Tableau、Power BI），并熟悉国际审计标准（如ISAE 3402）。职业发展方向包括首席审计官（CAE）、内部审计主管或风险管理顾问。','年薪 15-30万 💰','[\"内部控制\", \"审计技巧\", \"数据分析\", \"法规知识\", \"沟通能力\"]',4,'[\"细致严谨 🧐\", \"逻辑性强 🧠\", \"抗压能力强 💪\", \"沟通能力 🗣️\"]','1. 制定审计计划\n2. 执行现场审计\n3. 撰写审计报告\n4. 提出改进建议\n5. 与管理层沟通','初级审计师 → 高级审计师 → 首席审计官（CAE） 或 内部审计主管 🚀','中等风险 ⚠️','审计流程可通过自动化工具简化，但复杂问题解决仍需人类专业判断。🧠'),(216,'合规专员','合规专员负责确保企业在法律、法规和行业标准下的合规性，维护企业的合法权益。日常工作包括跟踪法律法规变化、制定合规政策、审核合同和文件，并进行合规培训。他们在金融、制造等行业中尤为重要，尤其是在企业面临法律诉讼或监管检查时。虽然部分合规任务可以通过自动化工具完成，但深入理解业务背景和提出创新性解决方案的能力仍是合规专员的核心竞争力。','随着全球化的加深和法律法规的日益复杂化，合规专员的需求持续增长。特别是在金融和制造业中，企业对合规性的要求越来越高，合规专员的作用愈发重要。政策层面，各国政府对企业的合规性要求不断加强，进一步推动了该岗位的发展。未来，合规专员需要掌握更多数据分析工具（如SQL、Python）和国际合规标准（如ISO 37301），并熟悉行业特定法规。职业发展方向包括首席合规官（CCO）、合规经理或法律顾问。','年薪 18-35万 💰','[\"合规管理\", \"法律法规\", \"数据分析\", \"合同审核\", \"沟通能力\"]',4,'[\"细致严谨 🧐\", \"逻辑性强 🧠\", \"抗压能力强 💪\", \"沟通能力 🗣️\"]','1. 跟踪法律法规变化\n2. 制定合规政策\n3. 审核合同和文件\n4. 进行合规培训\n5. 与相关部门沟通','初级合规专员 → 高级合规专员 → 首席合规官（CCO） 或 合规经理 📈','中等风险 ⚠️','合规任务可通过自动化工具简化，但复杂问题解决仍需人类专业判断。🧠'),(217,'项目经理','项目经理负责制定项目计划、协调资源、监督执行并确保项目按时交付。他们需要与团队成员、客户和其他利益相关者保持密切沟通，确保项目目标达成。在这个岗位上，良好的逻辑分析能力和清晰的任务分配技巧至关重要，尤其是在复杂项目的管理和跨部门协作中。随着企业对项目管理专业化的重视，拥有PMP、PRINCE2等认证的项目经理在市场上非常抢手。','在全球经济复苏的大背景下，企业对项目管理的需求持续增长。根据PMI发布的《职业脉搏调查》，全球范围内项目管理相关岗位年均增长率超过15%。特别是在科技、建筑、制造业等领域，大型复杂项目的管理成为核心竞争力。未来趋势显示，敏捷项目管理方法论（Agile PM）和数字化项目管理工具（如Jira、Trello）将成为行业标配。资深项目经理可向项目总监、部门总监等方向发展，或选择创业。','年薪 20-40万 💰','[\"项目管理\", \"风险管理\", \"沟通协调\", \"时间管理\", \"团队领导\"]',5,'[\"逻辑性强 🧠\", \"善于沟通 🗣️\", \"责任感强 💪\", \"抗压能力强 🏋️‍♀️\"]','1. 制定项目计划\n2. 分配任务并跟踪进度\n3. 组织团队会议\n4. 解决项目中的问题\n5. 定期汇报进展','初级项目经理 → 高级项目经理 → 项目总监 → 部门总监 或 自主创业 🌟','较低风险 ✅','项目管理涉及复杂的人际互动和决策，难以完全由AI替代。🤝'),(218,'数据分析师','数据分析师通过挖掘数据价值为企业决策提供支持，工作内容包括数据清洗、统计分析、可视化呈现以及构建预测模型等。他们需要熟练使用SQL、Python等工具处理数据，并用Tableau等软件制作直观的报告。在数字化转型的浪潮下，数据分析师成为各行各业的关键角色，特别是在金融风控、精准营销等领域需求旺盛。虽然数据处理流程可以部分自动化，但结合业务场景解读数据、发现深层问题并提出解决方案的能力，仍然是人类分析师的不可替代优势。','在数据要素被纳入生产要素的国家战略背景下，各行业数据分析岗位年增长率超25%。企业数字化转型进入深水区，从基础的描述性分析向预测性分析（机器学习）和规范性分析（决策优化）升级。重点发展领域包括：① 金融风控（反欺诈模型需求激增）② 医疗健康（基因组数据分析）③ 智能制造（工业大数据优化）。值得注意的是，工具链变革显著：传统BI工具正被DataOps体系取代，SQL+Python基础技能之外，掌握Snowflake/Databricks等云数据平台成为加分项。','年薪 15-35万 💰','[\"SQL\", \"Python\", \"Excel\", \"Tableau\", \"统计学\"]',4,'[\"细心 🔍\", \"好奇心强 ❓\", \"商业敏感度 💡\", \"沟通能力 🗣️\"]','1. 数据清洗与整理\n2. 制作可视化报表\n3. 构建分析模型\n4. 撰写分析报告\n5. 向业务部门汇报洞察','数据分析师 → 高级分析师 → 数据科学家 或 数据分析经理 🚀','中等风险 ⚠️','数据处理流程易自动化，但商业敏感度和跨领域解读依赖人类经验。🧠'),(219,'运营经理','运营经理负责企业的整体运营管理工作，包括市场推广、客户服务、供应链管理等。他们需要制定详细的运营策略，协调各部门资源，确保业务目标的实现。在这个岗位上，良好的逻辑分析能力和清晰的任务分配技巧至关重要，尤其是在复杂业务场景下的统筹规划。','随着市场竞争的加剧，企业对运营经理的需求不断增加。特别是在互联网和零售行业，运营经理的角色变得尤为重要。未来，数字化运营工具和数据分析能力将成为运营经理的核心竞争力。资深运营经理可向运营总监、总经理等方向发展，或选择创业。','年薪 20-35万 💰','[\"运营管理\", \"市场推广\", \"客户服务\", \"供应链管理\", \"数据分析\"]',3,'[\"逻辑性强 🧠\", \"善于沟通 🗣️\", \"执行力强 💪\", \"抗压能力强 🏋️‍♀️\"]','1. 制定运营策略\n2. 协调资源分配\n3. 监控运营指标\n4. 分析市场动态\n5. 定期复盘优化','运营经理 → 高级运营经理 → 运营总监 → 总经理 或 自主创业 🌟','较低风险 ✅','运营涉及复杂的人际互动和决策，难以完全由AI替代。🤝'),(220,'软件工程师','软件工程师主要负责从需求分析到代码实现的全流程开发工作，需要将业务需求转化为高效可靠的技术解决方案。日常工作中，他们需要设计系统架构、编写和优化代码、进行单元测试和调试，并与产品、测试等团队紧密协作。随着云计算、人工智能等技术的快速发展，软件工程师不仅要掌握Java、Python等编程语言和Spring等主流框架，还需要不断学习新技术，比如云原生架构或AI编程工具的应用。这个岗位是数字经济的核心基础，技术迭代快，经验丰富的工程师在金融科技、智能制造等高价值领域尤其抢手。','作为数字经济时代的核心基建岗位，软件工程师需求持续领跑全行业。在政策层面，\'十四五\'规划明确将云计算、人工智能等列为重点产业，催生大量高端开发岗位。技术迭代方面，随着云原生、AI编程助手（如GitHub Copilot）的普及，开发效率提升的同时也创造了更复杂的系统架构需求。就业市场呈现两极分化：初级岗位竞争加剧，但具备分布式系统设计能力或垂直领域（如金融科技、智能驾驶）经验的中高级工程师严重短缺。未来5年，物联网（IoT）和元宇宙相关开发岗位预计增长200%，同时绿色计算、量子编程等新兴领域正在创造高溢价岗位。资深工程师可向解决方案架构师、CTO等方向发展，或选择在Web3.0、AI基础设施等赛道创业。','年薪 20-40万 💰','[\"Java\", \"Python\", \"数据结构\", \"算法\", \"Spring框架\"]',4,'[\"逻辑性强 🧠\", \"耐心 ⏳\", \"团队协作 👥\", \"持续学习 📚\"]','1. 参与需求评审\n2. 编写和优化代码\n3. 单元测试与调试\n4. 技术文档编写\n5. 与产品/测试团队协作','初级开发 → 高级开发 → 技术专家 → 架构师 或 转管理方向 📈','较低风险 ✅','基础编码可被AI辅助，但系统设计和架构仍需人类决策。🤖'),(221,'网络安全工程师','网络安全工程师负责保护组织的信息系统免受网络攻击和数据泄露，工作内容包括漏洞扫描、威胁检测、安全策略制定和应急响应等。他们需要熟悉防火墙配置、入侵检测系统（IDS）、加密技术和网络安全协议，同时定期更新安全措施以应对新出现的威胁。随着全球数字化进程加速，网络安全已成为企业的核心关注点，而专业人才却供不应求。','网络安全行业正处于快速扩张阶段，全球范围内对网络安全人才的需求每年增长超过20%。各国政府和企业纷纷加大投入力度，推动零信任架构、云安全、AI驱动的安全分析等技术的发展。特别是在金融、医疗、能源等行业，高级别的合规要求使得专业化的网络安全服务成为刚需。此外，随着勒索软件攻击频率上升，应急响应能力变得尤为重要。未来5年，区块链安全、物联网安全等领域将涌现出更多细分岗位。资深网络安全工程师可晋升为首席信息安全官（CISO），或转向创业，专注于新型安全产品的研发。','年薪 25-45万 💰','[\"防火墙配置\", \"入侵检测系统\", \"加密技术\", \"网络安全协议\", \"漏洞扫描工具\"]',4,'[\"细致严谨 🔍\", \"责任心强 ⚠️\", \"持续学习 📚\", \"抗压能力强 ⚡\"]','1. 进行系统漏洞扫描\n2. 监控网络流量异常\n3. 制定安全策略\n4. 处理突发事件\n5. 定期培训员工网络安全意识','初级工程师 → 高级工程师 → 安全顾问 → CISO 或 自主创业 📈','较低风险 ✅','虽然部分例行任务可以自动化，但复杂攻击场景仍需人工干预。💻'),(222,'数据科学家','数据科学家通过运用统计学、机器学习和大数据技术，从海量数据中提取有价值的信息并建立预测模型，帮助企业做出科学决策。他们的日常工作包括数据预处理、特征工程、模型训练与评估，以及结果解释。数据科学家通常需要深入理解业务背景，并能够将复杂的数学模型转化为易于理解的语言传达给非技术人员。','数据科学作为一门交叉学科，在过去几年中经历了爆炸式增长。随着各行各业加速数字化转型，对数据科学家的需求持续攀升。特别是在金融、零售、医疗等行业，数据驱动的决策模式已经成为标配。政策层面，国家大力支持大数据产业发展，鼓励企业在研发、生产和运营环节全面引入数据驱动思维。然而，该领域的竞争也日趋激烈，普通的数据分析任务逐渐被自动化工具取代，但高级别的人才依然稀缺。未来，联邦学习、隐私计算等新兴技术将进一步拓宽数据科学家的工作边界。','年薪 30-50万 💰','[\"Python\", \"R\", \"机器学习\", \"深度学习\", \"数据可视化\"]',4,'[\"逻辑性强 🧠\", \"好奇心强 ❓\", \"沟通能力 🗣️\", \"创新意识 🌟\"]','1. 数据清洗与预处理\n2. 特征工程\n3. 模型训练与调优\n4. 结果解释与汇报\n5. 推动业务落地','初级数据科学家 → 高级数据科学家 → 首席数据官（CDO） 或 转管理方向 📈','中等风险 ⚠️','基础建模工作可部分自动化，但高层次的业务洞察仍需人类智慧。🧠'),(223,'嵌入式软件工程师','嵌入式软件工程师专注于开发运行于特定硬件设备上的软件系统，例如智能家居、汽车电子、工业控制等。他们的工作涉及硬件选型、操作系统移植、驱动程序开发以及性能优化等方面。由于嵌入式系统往往需要高度定制化，因此对工程师的技术能力和问题解决能力提出了较高要求。','随着物联网（IoT）的蓬勃发展，嵌入式软件工程师迎来了前所未有的发展机遇。无论是消费电子产品还是工业设备，都需要强大的嵌入式技术支持。政策层面，\'中国制造2025\'计划大力推动智能制造，为嵌入式开发提供了广阔的空间。值得注意的是，边缘计算、实时操作系统（RTOS）等领域正在兴起新的机会。然而，由于嵌入式开发周期长且成本高，部分低端岗位可能面临自动化替代的风险。','年薪 20-40万 💰','[\"C/C++\", \"嵌入式Linux\", \"RTOS\", \"硬件接口编程\", \"调试工具\"]',4,'[\"逻辑性强 🧠\", \"动手能力强 🛠️\", \"专注细节 🔍\", \"团队协作 👥\"]','1. 硬件选型与评估\n2. 操作系统移植\n3. 驱动程序开发\n4. 性能优化\n5. 跟踪测试反馈','初级工程师 → 高级工程师 → 技术专家 → 技术总监 或 转管理方向 📈','较低风险 ✅','基础模块可部分自动化，但复杂系统的集成与优化仍需人类参与。⚙️'),(224,'算法工程师','算法工程师专注于研究和实现各种算法，以解决实际问题。他们的工作范围涵盖计算机视觉、自然语言处理、语音识别等多个领域。算法工程师需要具备扎实的数学基础和编程能力，能够设计高效的算法并在真实环境中部署。','随着人工智能技术的广泛应用，算法工程师的需求量逐年增加。特别是在自动驾驶、医疗影像分析、金融科技等领域，高质量的算法是核心竞争力。政策层面，国家鼓励人工智能技术创新，设立了多个专项基金支持相关研究。然而，随着深度学习框架的普及，基础算法的门槛有所降低，导致市场竞争加剧。未来，联邦学习、强化学习等前沿技术将成为新的增长点。','年薪 25-45万 💰','[\"Python\", \"TensorFlow\", \"PyTorch\", \"数学建模\", \"深度学习\"]',4,'[\"逻辑性强 🧠\", \"创新意识 🌟\", \"团队协作 👥\", \"持续学习 📚\"]','1. 算法设计与优化\n2. 数据集构建与标注\n3. 模型训练与验证\n4. 系统集成\n5. 技术文档编写','初级算法工程师 → 高级算法工程师 → 技术专家 → 技术总监 或 转管理方向 📈','较低风险 ✅','基础算法可部分自动化，但复杂场景下的优化仍需人类介入。🧠'),(225,'系统架构师','系统架构师负责设计和优化整个系统的架构，确保系统的性能、可扩展性和安全性。他们需要对技术有深刻的理解，并且能够根据业务需求选择合适的技术方案。系统架构师的工作涉及到多个技术领域，包括数据库设计、中间件选型、分布式系统等。','随着企业信息化建设的深入，系统架构师的需求不断增加。特别是在大型互联网公司和金融机构，系统架构师的作用尤为突出。政策层面，国家对信息技术基础设施建设的支持，也为系统架构师提供了广阔的发展空间。未来，微服务架构、容器化技术和DevOps实践将成为系统架构师的主要工作内容。资深系统架构师可以进一步发展为CTO或加入技术咨询公司，提供专业服务。','年薪 30-60万 💰','[\"系统设计\", \"数据库设计\", \"中间件选型\", \"分布式系统\", \"云计算\"]',4,'[\"逻辑性强 🧠\", \"全局视野 🌍\", \"创新思维 ✨\", \"抗压能力强 ⚡\"]','1. 系统架构设计\n2. 技术选型与评估\n3. 性能调优\n4. 技术文档撰写\n5. 团队技术指导','初级架构师 → 高级架构师 → 首席架构师 → CTO 或 自主创业 🌟','较低风险 ✅','基础架构设计可被工具辅助，但复杂系统的设计和优化仍需人类专业判断。🤖'),(226,'云计算工程师','云计算工程师负责管理和维护云计算平台，包括虚拟化技术、存储系统、网络配置等方面。他们需要熟悉AWS、Azure、阿里云等主流云服务平台，并能够根据企业的具体需求进行定制化部署和优化。云计算工程师的工作还包括故障排查、性能监控和安全加固等。','云计算工程师是IT行业的热门职业之一，其需求量随着云计算技术的普及而快速增长。政策层面，国家大力推动云计算产业发展，出台了一系列扶持政策。技术层面，随着企业上云步伐加快，云计算工程师需要掌握更多的云服务产品和工具。未来，混合云、多云管理、边缘计算等新兴领域将为云计算工程师提供更多机会。资深云计算工程师可以向云架构师或云解决方案专家方向发展。','年薪 20-40万 💰','[\"云计算\", \"虚拟化技术\", \"存储系统\", \"网络配置\", \"AWS\", \"Azure\"]',4,'[\"细心 🔍\", \"技术敏锐 🌟\", \"团队协作 👥\", \"持续学习 📚\"]','1. 配置和管理云资源\n2. 进行性能监控和优化\n3. 故障排查和问题解决\n4. 安全加固和权限管理\n5. 提供技术支持和服务','初级云计算工程师 → 高级云计算工程师 → 云架构师 或 云解决方案专家 📈','较低风险 ✅','云计算平台的管理和优化需要人类的专业知识，难以完全自动化。🤖'),(227,'投资分析师','投资分析师通过分析市场数据、财务报表和宏观经济环境，为投资者提供决策建议。他们需要熟练使用Excel、Bloomberg等工具进行数据分析，并撰写研究报告。尽管自动化工具在数据收集和初步分析上已取得进展，但深入的市场洞察和对复杂金融产品的理解仍需人类分析师。','在全球资本市场快速发展的背景下，投资分析师的需求持续增加。特别是在中国，随着资本市场的开放和机构化程度的提高，投资分析师的职业前景广阔。政策层面，政府对金融科技创新的支持也为投资分析师提供了更多工具和方法。未来5年，ESG投资（环境、社会和治理）将成为重要的发展方向，具备相关知识的投资分析师将更具竞争力。','年薪 25-45万 💰','[\"Excel\", \"Bloomberg\", \"财务分析\", \"市场研究\", \"估值模型\"]',4,'[\"细致严谨 🔍\", \"逻辑性强 🧠\", \"抗压能力强 💪\", \"商业敏感度 💡\"]','1. 数据收集与分析\n2. 撰写研究报告\n3. 跟踪市场动态\n4. 提供投资建议\n5. 与客户沟通','初级分析师 → 高级分析师 → 投资组合经理 或 转管理方向 🚀','中等风险 ⚠️','数据处理可部分自动化，但深度市场洞察和复杂产品理解依赖人类经验。🧠'),(228,'研发工程师','研发工程师专注于新产品和技术的研发，通常涉及硬件或软件的设计与测试。他们需要具备扎实的技术背景和创新能力，能够独立解决问题。尽管自动化工具在原型设计和测试阶段有所应用，但复杂技术问题的解决仍需人类工程师。','随着科技行业的快速发展，研发工程师的需求持续增长。特别是在新能源、新材料和智能制造领域，研发工程师的职业前景广阔。政策层面，国家对科技创新的支持力度不断加大，为研发工程师提供了良好的发展环境。未来5年，人工智能和物联网技术的发展将为研发工程师带来新的机遇。','年薪 20-35万 💰','[\"硬件设计\", \"嵌入式开发\", \"测试与验证\", \"创新思维\", \"项目管理\"]',4,'[\"动手能力强 🛠️\", \"逻辑性强 🧠\", \"创新能力强 🌟\", \"专注细节 🔍\"]','1. 设计新产品原型\n2. 进行功能测试\n3. 解决技术问题\n4. 撰写技术文档\n5. 与团队协作','初级研发工程师 → 高级研发工程师 → 技术专家 或 转管理方向 📈','较低风险 ✅','原型设计和测试可部分自动化，但复杂技术问题的解决仍需人类主导。🤖'),(229,'质量控制工程师','质量控制工程师负责确保产品和服务的质量符合标准，通过制定质量管理体系和实施质量检测来降低缺陷率。他们需要熟悉ISO质量管理体系，并能够使用各种检测设备。尽管自动化工具在检测环节有一定应用，但全面的质量评估仍需人类工程师。','随着消费者对产品质量要求的提高，质量控制工程师的需求持续增长。特别是在制造业和消费品行业，质量控制工程师的职业前景广阔。政策层面，国家对产品质量的监管力度加大，为质量控制工程师提供了更多的发展机遇。未来5年，智能检测技术和自动化生产线的应用将进一步提升质量控制工程师的工作效率。','年薪 18-30万 💰','[\"质量管理体系\", \"检测设备操作\", \"数据分析\", \"问题解决\", \"沟通能力\"]',4,'[\"细致严谨 🔍\", \"责任心强 💪\", \"团队合作意识 👥\", \"注重细节 🔎\"]','1. 制定质量标准\n2. 实施质量检测\n3. 分析检测数据\n4. 处理质量问题\n5. 与团队协作','初级质量控制工程师 → 高级质量控制工程师 → 质量经理 或 转管理方向 📈','中等风险 ⚠️','检测环节可部分自动化，但全面质量评估仍需人类经验。🧠'),(230,'财务分析师','财务分析师主要负责分析公司的财务数据，为管理层提供决策支持。他们需要编制财务报表、进行预算分析、评估投资机会，并与各部门沟通以获取必要的信息。随着企业对财务管理的重视，财务分析师的需求持续增长。','在政策导向表述法下，\'十四五\'规划强调了加强企业财务管理的重要性，推动了财务分析师岗位的需求。特别是在金融、制造等行业，财务分析师的角色愈发重要。未来5年，随着大数据和人工智能技术的应用，财务分析师将更多地参与到数据驱动的决策中，提高企业的财务管理水平。','年薪 15-30万 💰','[\"财务报表分析\", \"预算编制\", \"投资评估\", \"Excel\", \"财务软件\"]',4,'[\"细心 🔍\", \"逻辑性强 🧠\", \"团队协作 👥\", \"耐心 ⏳\"]','1. 编制财务报表\n2. 进行预算分析\n3. 评估投资机会\n4. 与各部门沟通\n5. 提供财务建议','初级财务分析师 → 高级财务分析师 → 财务经理 或 财务总监 📈','较低风险 ✅','虽然一些基础财务工作可以自动化，但复杂的财务分析和决策支持仍需人类的专业判断。🤖'),(231,'人力资源专员','人力资源专员负责招聘、培训、员工关系管理和薪酬福利等工作。他们需要与各部门紧密合作，确保公司的人力资源政策得到有效执行。随着企业对人才管理的重视，人力资源专员的需求持续增长。','在政策导向表述法下，\'十四五\'规划强调了加强人力资源管理的重要性，推动了人力资源专员岗位的需求。特别是在大型企业和跨国公司，人力资源专员的角色愈发重要。未来5年，随着人力资源管理的数字化转型，人力资源专员将更多地参与到数据分析和员工体验提升中。','年薪 10-20万 💰','[\"招聘\", \"培训\", \"员工关系管理\", \"薪酬福利管理\", \"劳动法规\"]',3,'[\"细心 🔍\", \"沟通能力强 🗣️\", \"组织协调能力 🤝\", \"耐心 ⏳\"]','1. 发布招聘信息\n2. 筛选简历\n3. 安排面试\n4. 培训新员工\n5. 处理员工关系问题','人力资源专员 → 人力资源主管 → 人力资源经理 或 人力资源总监 📈','较低风险 ✅','虽然一些基础的人力资源管理工作可以自动化，但复杂的员工关系管理和策略制定仍需人类的专业判断。🤖'),(232,'研发经理','研发经理负责研发团队的管理和技术方向的把控，确保研发项目顺利进行。他们需要具备深厚的技术背景和优秀的管理能力。随着技术创新的不断推进，研发经理在高新技术企业中的地位愈发重要。','政策导向表述法：国家对于科技创新的大力支持，使得研发经理成为高新技术企业中的核心岗位。特别是在人工智能、生物医药等领域，对优秀研发经理的需求将持续增长。','年薪 20-50万 💰','[\"技术研发\", \"团队管理\", \"项目管理\", \"技术趋势分析\", \"预算管理\"]',4,'[\"逻辑性强 🧠\", \"耐心 ⏳\", \"团队协作 👥\", \"持续学习 📚\"]','1. 研发项目规划\n2. 技术方向把控\n3. 团队管理与激励\n4. 项目进度跟踪\n5. 技术文档编写','研发工程师 → 研发经理 → 技术总监 或 CTO 📈','较低风险 ✅','虽然部分研发任务可以自动化，但研发经理的核心职责如技术方向把控、团队管理仍需人类经验。🤖');
/*!40000 ALTER TABLE `jobs` ENABLE KEYS */;
UNLOCK TABLES;

--
-- Table structure for table `learning_paths`
--

DROP TABLE IF EXISTS `learning_paths`;
/*!40101 SET @saved_cs_client     = @@character_set_client */;
/*!50503 SET character_set_client = utf8mb4 */;
CREATE TABLE `learning_paths` (
  `id` bigint unsigned NOT NULL AUTO_INCREMENT COMMENT '学习路径ID，主键',
  `job_id` bigint unsigned DEFAULT NULL COMMENT '关联职位ID',
  `majors_id` int unsigned DEFAULT NULL,
  `user_id` bigint unsigned NOT NULL COMMENT '关联用户ID',
  `goal_name` varchar(20) DEFAULT NULL,
  `is_active` tinyint(1) NOT NULL DEFAULT '0' COMMENT '是否完成(0 进行中，1已完成)',
  `create_at` date NOT NULL DEFAULT (now()) COMMENT '创建时间',
  `current_progress` tinyint unsigned NOT NULL DEFAULT '0' COMMENT '学习路径的进度条(0-100)',
  `end` date DEFAULT NULL,
  `why_recommend` varchar(500) DEFAULT NULL,
  `advice_and_attention` varchar(500) DEFAULT NULL COMMENT '建议和注意事项',
  `complete_harvest` varchar(500) DEFAULT NULL COMMENT '学习完之后的收获',
  PRIMARY KEY (`id`),
  KEY `idx_job_id` (`job_id`) COMMENT '职位ID索引',
  KEY `idx_user_id` (`user_id`) COMMENT '用户ID索引',
  KEY `idx_majors_id` (`majors_id`) COMMENT '专业id索引',
  CONSTRAINT `fk_path_job` FOREIGN KEY (`job_id`) REFERENCES `jobs` (`id`) ON DELETE CASCADE ON UPDATE SET NULL,
  CONSTRAINT `fk_path_majors` FOREIGN KEY (`majors_id`) REFERENCES `majors` (`id`) ON DELETE CASCADE ON UPDATE SET NULL,
  CONSTRAINT `fk_path_user` FOREIGN KEY (`user_id`) REFERENCES `user` (`id`) ON DELETE CASCADE ON UPDATE CASCADE
) ENGINE=InnoDB AUTO_INCREMENT=32 DEFAULT CHARSET=utf8mb4 COLLATE=utf8mb4_0900_ai_ci COMMENT='用户学习路径表';
/*!40101 SET character_set_client = @saved_cs_client */;

--
-- Dumping data for table `learning_paths`
--

LOCK TABLES `learning_paths` WRITE;
/*!40000 ALTER TABLE `learning_paths` DISABLE KEYS */;
INSERT INTO `learning_paths` VALUES (27,208,NULL,1,'产品经理',0,'2025-04-18',5,NULL,'🚀 针对零基础学员的系统化建筑工程技术学习路线，从建筑制图到施工管理，涵盖建筑工程全栈核心技术，助你6-12个月达到初级建筑工程技术人员水平。','📌 学习建议：\n1. 每天至少2小时理论与实践结合\n2. 每个章节完成1个小项目或案例分析\n3. 定期整理专业知识笔记\n\n⚠️ 避坑指南：\n• 不要跳过基础直接学复杂设计\n• 避免只看视频不实际操作绘图软件\n• 学会使用专业工具如AutoCAD、Revit等','🎯 学完后你将掌握：\n• 建筑制图规范+施工图绘制\n• 建筑材料与结构设计基础\n• 工程预算与成本控制\n• 施工现场管理与质量控制'),(31,230,NULL,4,'财务分析师',0,'2025-04-18',0,NULL,'🚀 针对零基础学员的系统化Java学习路线，从基础语法到企业级开发，涵盖Java全栈核心技术，助你6-12个月达到初级Java工程师水平。','📌 学习建议：\n1. 每天至少2小时编码练习\n2. 每个章节完成1个小项目\n3. 定期整理技术笔记\n\n⚠️ 避坑指南：\n• 不要跳过基础直接学框架\n• 避免只看视频不写代码\n• 学会使用Debug工具','🎯 学完后你将掌握：\n• Java核心语法+面向对象编程\n• Spring Boot企业级开发\n• MySQL数据库优化\n• Redis缓存实战\n• 微服务架构设计');
/*!40000 ALTER TABLE `learning_paths` ENABLE KEYS */;
UNLOCK TABLES;

--
-- Table structure for table `learning_skill`
--

DROP TABLE IF EXISTS `learning_skill`;
/*!40101 SET @saved_cs_client     = @@character_set_client */;
/*!50503 SET character_set_client = utf8mb4 */;
CREATE TABLE `learning_skill` (
  `id` bigint unsigned NOT NULL AUTO_INCREMENT COMMENT '技能ID，主键',
  `path_id` bigint unsigned NOT NULL COMMENT '关联学习路径ID',
  `step_name` varchar(100) NOT NULL COMMENT '步骤名称(如:学习Java)',
  `step_order` int unsigned NOT NULL COMMENT '步骤顺序',
  `current_progress` tinyint unsigned NOT NULL DEFAULT '0' COMMENT '当前进度(0-100)',
  `status` char(1) NOT NULL DEFAULT '0' COMMENT '0学习中 1学完',
  `scheduled_time` varchar(30) NOT NULL COMMENT '预计学习时间',
  `pre_knowledge` varchar(200) DEFAULT NULL COMMENT '前置知识',
  `importance` varchar(10) NOT NULL DEFAULT '核心' COMMENT '重要程度(核心/重要/扩展)',
  `resource` json DEFAULT NULL COMMENT '学习资源',
  `complete_harvest` varchar(300) DEFAULT NULL COMMENT '学习完成之后的收获',
  `start_date` datetime DEFAULT NULL COMMENT '开始日期',
  `complete_date` datetime DEFAULT NULL COMMENT '完成日期',
  PRIMARY KEY (`id`),
  KEY `idx_path_id` (`path_id`) COMMENT '路径ID索引',
  CONSTRAINT `fk_skill_path` FOREIGN KEY (`path_id`) REFERENCES `learning_paths` (`id`) ON DELETE CASCADE ON UPDATE CASCADE
) ENGINE=InnoDB AUTO_INCREMENT=89 DEFAULT CHARSET=utf8mb4 COLLATE=utf8mb4_0900_ai_ci COMMENT='学习技能表';
/*!40101 SET character_set_client = @saved_cs_client */;

--
-- Dumping data for table `learning_skill`
--

LOCK TABLES `learning_skill` WRITE;
/*!40000 ALTER TABLE `learning_skill` DISABLE KEYS */;
INSERT INTO `learning_skill` VALUES (67,27,'建筑制图基础',0,25,'0','2-3个月','无','核心','{\"web\": \"中国建筑标准设计研究院官网\", \"book\": \"《建筑制图与识图》\", \"course\": \"《建筑制图入门》- 慕课网\"}','能独立绘制简单的建筑平面图和立面图，掌握建筑制图规范',NULL,NULL),(68,27,'AutoCAD软件应用',1,0,'0','2-3个月','建筑制图基础','核心','{\"web\": \"AutoCAD官方文档\", \"book\": \"《AutoCAD建筑设计实例教程》\", \"course\": \"《AutoCAD建筑制图实战》- 极客时间\"}','能熟练使用AutoCAD进行建筑施工图绘制',NULL,NULL),(69,27,'建筑材料与结构设计',2,0,'0','2-3个月','建筑制图基础','核心','{\"web\": \"中国建材网\", \"book\": \"《建筑材料》\", \"course\": \"《建筑材料与结构设计》- 知乎大学\"}','能选择合适的建筑材料并进行简单结构设计',NULL,NULL),(70,27,'工程预算与成本控制',3,0,'0','2-3个月','建筑材料与结构设计','重要','{\"web\": \"中国建设工程造价管理协会官网\", \"book\": \"《建筑工程造价管理》\", \"course\": \"《工程造价与成本控制》- 智慧树\"}','能编制工程预算并进行成本控制',NULL,NULL),(71,27,'施工现场管理',4,0,'0','2-3个月','工程预算与成本控制','扩展','{\"web\": \"中国工程建设标准化协会官网\", \"book\": \"《建筑工程项目管理》\", \"course\": \"《施工现场管理实务》- 学堂在线\"}','能进行施工现场的组织与管理',NULL,NULL),(86,31,'Java基础',0,0,'0','4-6个月','无','核心','{\"web\": \"Oracle官方Java教程\", \"book\": \"《Java核心技术卷I》\", \"course\": \"《Java零基础入门》- 慕课网\"}','能独立开发控制台应用程序，掌握Java核心语法和OOP思想',NULL,NULL),(87,31,'数据库与JDBC',1,0,'0','2-3个月','Java基础','核心','{\"web\": \"MySQL官方文档\", \"book\": \"《高性能MySQL》\", \"course\": \"《MySQL从入门到精通》- 极客时间\"}','能使用JDBC操作数据库，掌握SQL优化技巧',NULL,NULL),(88,31,'Spring Boot',2,0,'0','3-4个月','Java基础 + 数据库','核心','{\"web\": \"Spring官方文档(https://spring.io/projects/spring-boot)\", \"book\": \"《Spring实战（第6版）》\", \"course\": \"《Spring Boot实战》- 慕课网\"}','能独立开发企业级RESTful API，掌握自动配置、依赖管理、数据库集成等核心技能',NULL,NULL);
/*!40000 ALTER TABLE `learning_skill` ENABLE KEYS */;
UNLOCK TABLES;

--
-- Table structure for table `learning_skill_chapter`
--

DROP TABLE IF EXISTS `learning_skill_chapter`;
/*!40101 SET @saved_cs_client     = @@character_set_client */;
/*!50503 SET character_set_client = utf8mb4 */;
CREATE TABLE `learning_skill_chapter` (
  `id` bigint unsigned NOT NULL AUTO_INCREMENT COMMENT '主键ID',
  `skill_id` bigint unsigned NOT NULL COMMENT '关联的学习技能ID',
  `status` tinyint(1) DEFAULT '0' COMMENT '0:已完成 1:已完成()',
  `name` varchar(50) NOT NULL COMMENT '章节名称（如：第一章:JavaScript简介）',
  `description` varchar(200) DEFAULT NULL COMMENT '章节说明',
  `chapter_order` int unsigned NOT NULL COMMENT '章节排序序号',
  PRIMARY KEY (`id`),
  KEY `idx_skill_id` (`skill_id`) COMMENT '技能ID索引',
  CONSTRAINT `fk_detail_skill` FOREIGN KEY (`skill_id`) REFERENCES `learning_skill` (`id`) ON DELETE CASCADE ON UPDATE CASCADE
) ENGINE=InnoDB AUTO_INCREMENT=423 DEFAULT CHARSET=utf8mb4 COLLATE=utf8mb4_0900_ai_ci COMMENT='学习技能详细章节表';
/*!40101 SET character_set_client = @saved_cs_client */;

--
-- Dumping data for table `learning_skill_chapter`
--

LOCK TABLES `learning_skill_chapter` WRITE;
/*!40000 ALTER TABLE `learning_skill_chapter` DISABLE KEYS */;
INSERT INTO `learning_skill_chapter` VALUES (332,67,0,'建筑制图规范','学习国家标准与行业规范',1),(333,67,0,'手工绘图基础','学习手工绘制建筑平面图',2),(334,68,0,'AutoCAD基础操作','学习界面布局与基本命令',1),(335,68,0,'建筑施工图绘制','学习使用AutoCAD绘制施工图',2),(336,69,0,'建筑材料分类','学习常见建筑材料及其特性',1),(337,69,0,'结构设计基础','学习建筑结构设计的基本原理',2),(338,70,0,'工程量清单编制','学习工程量清单的编制方法',1),(339,70,0,'成本控制方法','学习成本控制的基本策略',2),(340,71,0,'施工组织设计','学习施工组织设计的编制方法',1),(341,71,0,'质量管理与安全控制','学习施工现场的质量与安全管理',2),(401,86,0,'Java开发环境','搭建Java开发环境并运行第一个程序',1),(402,86,0,'基础语法','掌握变量、数据类型和运算符',2),(403,86,0,'流程控制','掌握条件判断和循环结构',3),(404,86,0,'数组','学习一维和二维数组',4),(405,86,0,'方法','学习方法的定义和调用',5),(406,86,0,'面向对象基础','理解类和对象的概念',6),(407,86,0,'封装与继承','掌握面向对象两大特性',7),(408,86,0,'多态与接口','学习面向对象高级特性',8),(409,86,0,'异常处理','学习Java异常处理机制',9),(410,86,0,'集合框架','掌握常用集合类的使用',10),(411,86,0,'IO流','学习文件读写操作',11),(412,86,0,'多线程','学习Java并发编程基础',12),(413,86,0,'网络编程','学习Socket通信基础',13),(414,87,0,'MySQL基础','学习数据库基本操作',1),(415,87,0,'JDBC编程','学习Java数据库连接',2),(416,88,0,'Spring Boot基础','快速构建Spring应用',1),(417,88,0,'Web开发','构建RESTful API',2),(418,88,0,'数据访问','集成MySQL与MyBatis/JPA',3),(419,88,0,'缓存与Redis','提升系统性能',4),(420,88,0,'安全控制','认证与授权',5),(421,88,0,'消息队列','异步解耦',6),(422,88,0,'监控与部署','生产环境实践',7);
/*!40000 ALTER TABLE `learning_skill_chapter` ENABLE KEYS */;
UNLOCK TABLES;

--
-- Table structure for table `learning_skill_details`
--

DROP TABLE IF EXISTS `learning_skill_details`;
/*!40101 SET @saved_cs_client     = @@character_set_client */;
/*!50503 SET character_set_client = utf8mb4 */;
CREATE TABLE `learning_skill_details` (
  `id` bigint unsigned NOT NULL AUTO_INCREMENT COMMENT '章节ID，主键',
  `chapter_id` bigint unsigned NOT NULL COMMENT '关联技能ID',
  `path_id` bigint unsigned DEFAULT NULL COMMENT '学习路径id',
  `skill_id` bigint unsigned DEFAULT NULL COMMENT '技能id',
  `name` varchar(50) NOT NULL COMMENT '章节名称(如:第一个Java程序)',
  `status` tinyint(1) NOT NULL DEFAULT '0' COMMENT '状态(0:未学  1:已完成)',
  `note` text COMMENT '学习笔记',
  `description` varchar(200) DEFAULT NULL COMMENT '小结描述',
  `nodule_order` int unsigned NOT NULL COMMENT '章节顺序',
  PRIMARY KEY (`id`),
  KEY `idx_chapter_id` (`chapter_id`) COMMENT '技能ID索引',
  CONSTRAINT `fk_chapter_skill` FOREIGN KEY (`chapter_id`) REFERENCES `learning_skill_chapter` (`id`) ON DELETE CASCADE ON UPDATE CASCADE
) ENGINE=InnoDB AUTO_INCREMENT=620 DEFAULT CHARSET=utf8mb4 COLLATE=utf8mb4_0900_ai_ci COMMENT='学习技能详细章节表';
/*!40101 SET character_set_client = @saved_cs_client */;

--
-- Dumping data for table `learning_skill_details`
--

LOCK TABLES `learning_skill_details` WRITE;
/*!40000 ALTER TABLE `learning_skill_details` DISABLE KEYS */;
INSERT INTO `learning_skill_details` VALUES (342,332,27,67,'图纸尺寸与比例',1,NULL,'学习A0至A4图纸尺寸及常用比例',1),(343,332,27,67,'线条类型与用途',0,NULL,'粗线、中粗线、细线的区别与用途',2),(344,333,27,67,'平面图绘制',0,NULL,'学习墙体、门窗、楼梯的绘制方法',1),(345,333,27,67,'立面图绘制',0,NULL,'学习建筑外立面的表现方法',2),(346,334,27,68,'界面布局',0,NULL,'熟悉菜单栏、工具栏、状态栏',1),(347,334,27,68,'基本命令',0,NULL,'Line、Circle、Rectangle等常用命令',2),(348,335,27,68,'平面布置图',0,NULL,'学习家具、设备的布置方法',1),(349,335,27,68,'水电施工图',0,NULL,'学习水电管线的布置方法',2),(350,336,27,69,'混凝土',0,NULL,'学习混凝土的配比与强度',1),(351,336,27,69,'钢材',0,NULL,'学习钢材的种类与用途',2),(352,337,27,69,'荷载计算',0,NULL,'学习恒载、活载的计算方法',1),(353,337,27,69,'抗震设计',0,NULL,'学习抗震设防的基本要求',2),(354,338,27,70,'清单项目划分',0,NULL,'学习清单项目的划分原则',1),(355,338,27,70,'清单计价',0,NULL,'学习清单计价的基本方法',2),(356,339,27,70,'预算执行监控',0,NULL,'学习预算执行的监控方法',1),(357,339,27,70,'成本偏差分析',0,NULL,'学习成本偏差的分析方法',2),(358,340,27,71,'施工进度计划',0,NULL,'学习施工进度计划的编制方法',1),(359,340,27,71,'资源调配计划',0,NULL,'学习资源调配的优化方法',2),(360,341,27,71,'质量验收标准',0,NULL,'学习质量验收的基本标准',1),(361,341,27,71,'安全防护措施',0,NULL,'学习安全防护的基本措施',2),(549,401,31,86,'JDK安装与环境变量',0,NULL,'安装JDK并配置PATH/JAVA_HOME',1),(550,401,31,86,'第一个Java程序',0,NULL,'编写HelloWorld并理解main方法',2),(551,401,31,86,'IDE使用（IntelliJ IDEA）',0,NULL,'学习IDEA的基本操作和项目结构',3),(552,402,31,86,'变量与数据类型',0,NULL,'学习8种基本数据类型和类型转换',1),(553,402,31,86,'运算符',0,NULL,'算术、比较、逻辑运算符',2),(554,402,31,86,'键盘输入',0,NULL,'使用Scanner获取用户输入',3),(555,403,31,86,'if-else条件语句',0,NULL,'单分支和多分支条件判断',1),(556,403,31,86,'switch-case语句',0,NULL,'多路分支选择结构',2),(557,403,31,86,'for循环',0,NULL,'固定次数的循环控制',3),(558,403,31,86,'while循环',0,NULL,'条件循环控制',4),(559,404,31,86,'一维数组',0,NULL,'数组声明、初始化和遍历',1),(560,404,31,86,'二维数组',0,NULL,'矩阵结构的数据存储',2),(561,404,31,86,'Arrays工具类',0,NULL,'排序、查找等常用操作',3),(562,405,31,86,'方法定义',0,NULL,'方法的语法和返回值',1),(563,405,31,86,'方法参数',0,NULL,'形参和实参的区别',2),(564,405,31,86,'方法重载',0,NULL,'同名不同参的方法设计',3),(565,406,31,86,'类与对象',0,NULL,'类的定义和对象实例化',1),(566,406,31,86,'构造方法',0,NULL,'对象的初始化过程',2),(567,406,31,86,'this关键字',0,NULL,'区分成员变量和局部变量',3),(568,407,31,86,'封装',0,NULL,'private关键字和getter/setter',1),(569,407,31,86,'继承',0,NULL,'extends关键字的使用',2),(570,407,31,86,'super关键字',0,NULL,'调用父类构造方法',3),(571,408,31,86,'多态',0,NULL,'向上转型和动态绑定',1),(572,408,31,86,'抽象类',0,NULL,'abstract关键字的使用',2),(573,408,31,86,'接口',0,NULL,'interface的定义和实现',3),(574,409,31,86,'异常分类',0,NULL,'Checked和Unchecked异常',1),(575,409,31,86,'try-catch-finally',0,NULL,'异常捕获和处理',2),(576,409,31,86,'自定义异常',0,NULL,'创建业务异常类',3),(577,410,31,86,'List接口',0,NULL,'ArrayList和LinkedList',1),(578,410,31,86,'Set接口',0,NULL,'HashSet和TreeSet',2),(579,410,31,86,'Map接口',0,NULL,'HashMap和TreeMap',3),(580,411,31,86,'字节流',0,NULL,'InputStream/OutputStream',1),(581,411,31,86,'字符流',0,NULL,'Reader/Writer',2),(582,411,31,86,'缓冲流',0,NULL,'BufferedInputStream等',3),(583,412,31,86,'线程创建',0,NULL,'继承Thread和实现Runnable',1),(584,412,31,86,'线程同步',0,NULL,'synchronized关键字',2),(585,412,31,86,'线程通信',0,NULL,'wait/notify机制',3),(586,413,31,86,'TCP编程',0,NULL,'Socket和ServerSocket',1),(587,413,31,86,'UDP编程',0,NULL,'DatagramSocket',2),(588,413,31,86,'HTTP协议',0,NULL,'URLConnection的使用',3),(589,414,31,87,'SQL语法',0,NULL,'DDL/DML/DQL语句',1),(590,414,31,87,'数据类型',0,NULL,'整数、字符串、日期等',2),(591,414,31,87,'约束条件',0,NULL,'主键、外键、唯一等',3),(592,415,31,87,'JDBC基础',0,NULL,'Connection/Statement/ResultSet',1),(593,415,31,87,'PreparedStatement',0,NULL,'预编译SQL语句',2),(594,415,31,87,'事务管理',0,NULL,'ACID特性实现',3),(595,416,31,88,'项目初始化',0,NULL,'使用Spring Initializr创建项目',1),(596,416,31,88,'自动配置原理',0,NULL,'@SpringBootApplication与条件装配',2),(597,416,31,88,'起步依赖(Starter)',0,NULL,'spring-boot-starter-*的作用',3),(598,416,31,88,'配置文件',0,NULL,'application.yml与多环境配置',4),(599,417,31,88,'Controller设计',0,NULL,'@RestController与@RequestMapping',1),(600,417,31,88,'参数传递',0,NULL,'@PathVariable/@RequestParam/@RequestBody',2),(601,417,31,88,'统一响应封装',0,NULL,'Result<T>标准化返回结构',3),(602,417,31,88,'全局异常处理',0,NULL,'@ControllerAdvice + @ExceptionHandler',4),(603,418,31,88,'JDBC Template',0,NULL,'Spring原生数据访问方式',1),(604,418,31,88,'Spring Data JPA',0,NULL,'Repository接口与方法命名规则',2),(605,418,31,88,'MyBatis整合',0,NULL,'@Mapper与XML配置',3),(606,418,31,88,'事务管理',0,NULL,'@Transactional注解',4),(607,419,31,88,'Spring Cache抽象',0,NULL,'@Cacheable/@CacheEvict',1),(608,419,31,88,'Redis集成',0,NULL,'Lettuce连接池配置',2),(609,419,31,88,'缓存雪崩/穿透解决方案',0,NULL,'布隆过滤器+空缓存',3),(610,420,31,88,'Spring Security基础',0,NULL,'认证流程与过滤器链',1),(611,420,31,88,'JWT集成',0,NULL,'生成/验证Token',2),(612,420,31,88,'RBAC权限模型',0,NULL,'角色-权限关联设计',3),(613,421,31,88,'RabbitMQ集成',0,NULL,'交换机/队列绑定',1),(614,421,31,88,'Kafka集成',0,NULL,'Producer/Consumer配置',2),(615,421,31,88,'消息可靠性保证',0,NULL,'ACK机制与死信队列',3),(616,422,31,88,'Actuator端点',0,NULL,'健康检查与指标暴露',1),(617,422,31,88,'Prometheus+Grafana',0,NULL,'可视化监控系统',2),(618,422,31,88,'Docker部署',0,NULL,'容器化打包与运行',3),(619,422,31,88,'CI/CD流水线',0,NULL,'Jenkins/GitHub Actions',4);
/*!40000 ALTER TABLE `learning_skill_details` ENABLE KEYS */;
UNLOCK TABLES;

--
-- Table structure for table `majors`
--

DROP TABLE IF EXISTS `majors`;
/*!40101 SET @saved_cs_client     = @@character_set_client */;
/*!50503 SET character_set_client = utf8mb4 */;
CREATE TABLE `majors` (
  `id` int unsigned NOT NULL AUTO_INCREMENT,
  `title` varchar(100) NOT NULL COMMENT '专业全称',
  `study_duration` varchar(20) NOT NULL DEFAULT '4年' COMMENT '学制(年)',
  `description` varchar(500) DEFAULT NULL COMMENT '专业简介',
  `degree_type` char(8) DEFAULT '本科' COMMENT '''本科'', ''专科'', ''硕士'', ''博士''',
  `training_objectives` varchar(200) DEFAULT NULL COMMENT '培养目标',
  `professional_features` varchar(200) DEFAULT NULL COMMENT '专业特色',
  `core_courses` json DEFAULT NULL COMMENT '核心课程',
  `practical_training` json DEFAULT NULL COMMENT '实践教学',
  `career_prospects` varchar(200) DEFAULT NULL COMMENT '就业前景',
  `recommended_for` varchar(200) DEFAULT NULL COMMENT '适合学生类型',
  `type` tinyint unsigned NOT NULL DEFAULT '15' COMMENT '1: 哲学 2: 经济学 3: 法学 4: 教育学 5: 文学 6: 历史学 7: 理学 8: 工学 9: 农学 10: 医学 11: 军事学 12: 管理学 13: 艺术学 14:交叉学科 15:其他',
  `created_at` timestamp NULL DEFAULT CURRENT_TIMESTAMP,
  `updated_at` timestamp NULL DEFAULT CURRENT_TIMESTAMP ON UPDATE CURRENT_TIMESTAMP,
  PRIMARY KEY (`id`),
  UNIQUE KEY `uk_major_name` (`title`)
) ENGINE=InnoDB AUTO_INCREMENT=100 DEFAULT CHARSET=utf8mb4 COLLATE=utf8mb4_0900_ai_ci COMMENT='专业信息表';
/*!40101 SET character_set_client = @saved_cs_client */;

--
-- Dumping data for table `majors`
--

LOCK TABLES `majors` WRITE;
/*!40000 ALTER TABLE `majors` DISABLE KEYS */;
INSERT INTO `majors` VALUES (85,'计算机科学与技术','⏳ 4年','🚀 本专业培养德智体美劳全面发展，掌握数学与自然科学基础知识以及与计算系统相关的基本理论、技能和方法，具备包括计算思维在内的科学思维能力和设计计算解决方案、实现基于计算原理的系统的能力，能通过终身学习拓展自己的能力，在计算系统研究、开发、部署与应用等相关领域具有就业竞争力的高素质复合型人才。','🎓 本科','🌍 培养具有国际视野的计算机系统设计、开发与应用人才，重点强化云计算架构、人工智能算法和大型分布式系统开发能力，毕业生可胜任国内外顶尖科技企业的核心技术岗位。','🧠 强化人工智能与大数据技术融合，开设机器学习、深度学习、大数据处理等前沿课程，配备AI实验室和大数据平台，与多家知名IT企业建立联合培养计划。','[\"🖥️ 程序设计基础\", \"📊 数据结构与算法\", \"⚙️ 计算机组成原理\", \"🔄 操作系统\", \"🗃️ 数据库系统原理\", \"🌐 计算机网络\", \"🔧 编译原理\", \"👨‍💻 软件工程\"]','[\"👨‍🔬 程序设计综合实践\", \"📝 数据库设计实验\", \"🏗️ 软件工程课程设计\", \"🏢 企业实习\", \"🎓 毕业设计\"]','💰 互联网/金融/科研机构,平均起薪15-25K，3-5年经验可达30-50K，热门方向包括人工智能工程师、云计算架构师、大数据开发工程师等。','🤔 逻辑思维强/💻 喜欢编程/🎨 擅长创意的学生，适合对技术创新有热情，愿意持续学习新技术的同学',8,'2025-04-17 08:33:41','2025-04-17 08:33:41'),(86,'电气工程及其自动化','⏳ 4年','⚡ 本专业培养掌握电力系统分析、控制及自动化技术的基础知识和技能，具备解决复杂工程问题的能力，能在电力、能源及相关行业从事技术研发、工程设计、运行维护等工作。','🎓 本科','👨‍💼 培养能够胜任电力系统调度、新能源开发、智能电网建设等领域工作的高级工程技术人才。','💡 强调理论与实践结合，开设电力系统仿真、智能控制、新能源技术等课程，提供校外实训基地和科研项目参与机会。','[\"⚡ 电路原理\", \"🔄 电机学\", \"🌐 电力系统分析\", \"⚙️ 自动控制原理\", \"💻 单片机与嵌入式系统\", \"🤖 智能电网技术\"]','[\"🔌 电路实验\", \"⚙️ 电机拖动实验\", \"💻 单片机开发实训\", \"🏭 电厂实习\", \"🎓 毕业设计\"]','💰 电力公司/新能源企业/智能制造领域,平均起薪12-20K，3-5年经验可达25-40K，热门方向包括电力系统工程师、新能源研发工程师、智能电网运维工程师等。','⚡ 喜欢物理/💡 对电子设备感兴趣/💻 擅长编程解决实际问题的学生',8,'2025-04-17 08:33:41','2025-04-17 08:33:41'),(87,'电子信息工程','⏳ 4年','📱 本专业培养掌握信号处理、通信技术、电子系统设计的基础知识和技能，具备信息获取、传输和处理能力，能在电子信息领域从事产品研发、系统集成等工作。','🎓 本科','👨‍💻 培养能够胜任通信设备研发、无线通信系统设计、嵌入式产品开发等领域工作的高级工程技术人才。','📞 强调通信技术与电子系统的融合，开设无线通信、数字信号处理、嵌入式系统开发等课程，提供实验室开放时间和创新创业项目支持。','[\"📱 信号与系统\", \"💬 通信原理\", \"⚙️ 数字信号处理\", \"💻 嵌入式系统\", \"📡 无线通信\", \"🤖 模拟电子技术\"]','[\"|RF 实验\", \"💻 嵌入式开发实训\", \"📝 通信系统设计实验\", \"🏢 企业实习\", \"🎓 毕业设计\"]','💰 通信设备制造商/互联网公司/科研院所,平均起薪12-20K，3-5年经验可达25-40K，热门方向包括通信工程师、嵌入式开发工程师、无线通信研究员等。','📱 喜欢电子产品/💬 对通信技术感兴趣/💻 擅长编程解决问题的学生',8,'2025-04-17 08:33:41','2025-04-17 08:33:41'),(88,'机械设计制造及其自动化','⏳ 4年','⚙️ 本专业培养掌握机械设计、制造及自动化技术的基础知识和技能，具备解决复杂工程问题的能力，能在机械制造、汽车、航空航天等行业从事技术研发、生产管理等工作。','🎓 本科','🔧 培养能够胜任机械产品设计、智能制造、工业机器人应用等领域工作的高级工程技术人才。','🤖 强调机械设计与自动化技术结合，开设工业机器人、智能制造系统、先进制造技术等课程，提供实验室开放时间和企业合作项目。','[\"⚙️ 工程力学\", \"⚙️ 机械设计基础\", \"🤖 工业机器人\", \"⚙️ 数控技术\", \"💻 智能制造系统\", \"⚙️ 材料成型技术\"]','[\"⚙️ 机械设计实训\", \"🤖 工业机器人操作实训\", \"💻 智能制造系统实验\", \"🏭 工厂实习\", \"🎓 毕业设计\"]','💰 汽车制造/航空航天/智能制造领域,平均起薪10-18K，3-5年经验可达20-35K，热门方向包括机械工程师、智能制造工程师、工业机器人应用工程师等。','⚙️ 喜欢机械结构/🤖 对机器人感兴趣/💻 擅长编程解决实际问题的学生',8,'2025-04-17 08:33:41','2025-04-17 08:33:41'),(89,'建筑环境与能源应用工程','⏳ 4年','🏠 本专业培养具备建筑环境控制、能源高效利用及暖通空调系统设计能力的人才，专注于建筑节能与智能化管理。','🎓 本科','👨‍💼 培养掌握建筑能源规划、暖通空调系统设计、建筑智能化管理技术，能在建筑设计院、房地产公司、建筑设备制造企业等领域从事技术研发和管理工作','🌡️ 专业特色：暖通空调系统仿真、建筑能源规划、绿色建筑评价体系；配备了先进的实验平台和虚拟仿真软件','[\"供暖通风与空气调节\", \"建筑能源系统\", \"热质交换原理与设备\", \"建筑电气与自动化\", \"建筑给排水工程\", \"建筑节能技术\"]','[\"供暖系统设计\", \"空调系统调试\", \"暖通工程项目实训\", \"毕业设计\", \"校企合作实习\"]','💰 平均起薪7-12K，3-5年经验可达15-25K，热门方向包括暖通设计师、建筑能源顾问、绿色建筑评估师等','🛠️ 喜欢动手实践/🏠 对建筑和机械感兴趣/💬 喜欢与人交流/📚 技能长期适用的学生',8,'2025-04-17 11:41:12','2025-04-17 11:41:12'),(90,'土木工程','⏳ 4年','🏠 本专业培养掌握土木工程设计、施工与管理能力的高级专门人才，涵盖结构设计、道路桥梁、地下工程等多个方向。','🎓 本科','👷 培养具备土木工程设计、施工组织、项目管理能力，能在建筑工程、交通工程、市政工程等领域从事技术研发和管理工作','🧱 专业特色：结构分析、BIM技术、绿色建筑认证；配备了先进的结构实验室和BIM实训平台','[\"建筑材料\", \"结构力学\", \"混凝土结构设计\", \"钢结构设计\", \"土力学与基础工程\", \"道路勘测设计\"]','[\"结构设计实训\", \"施工技术实训\", \"BIM建模实训\", \"毕业设计\", \"企业实习\"]','💰 平均起薪7-12K，3-5年经验可达15-25K，热门方向包括结构设计师、施工经理、项目工程师等','🛠️ 喜欢动手实践/🏠 对建筑和机械感兴趣/💬 喜欢与人交流/📚 技能长期适用的学生',8,'2025-04-17 11:41:12','2025-04-17 11:41:12'),(91,'工程管理','⏳ 4年','📋 本专业培养具备工程技术和管理知识的复合型人才，专注于工程项目的全过程管理。','🎓 本科','📋 培养掌握工程造价、项目管理、合同管理等专业知识，能在建设单位、施工单位、咨询公司等领域从事工程管理与策划工作','📅 专业特色：工程造价软件应用、项目管理沙盘模拟、BIM技术在工程管理中的应用；配备了项目管理实验室和造价软件实训平台','[\"工程经济学\", \"工程项目管理\", \"工程造价\", \"建设法规\", \"合同管理\", \"建筑信息模型（BIM）\"]','[\"工程造价实训\", \"项目管理沙盘实训\", \"BIM建模实训\", \"毕业设计\", \"企业实习\"]','💰 平均起薪7-12K，3-5年经验可达15-25K，热门方向包括造价工程师、项目经理、工程咨询师等','📋 喜欢动手实践/💬 喜欢与人交流/📚 技能长期适用的学生',12,'2025-04-17 11:41:12','2025-04-17 11:41:12'),(92,'建筑电气与智能化','⏳ 4年','💡 本专业培养掌握建筑电气系统设计、智能化控制技术的复合型人才。','🎓 本科','💡 培养具备建筑供配电、智能楼宇系统设计与运维能力的高素质技术人才。','💡 强调建筑智能化技术，包含弱电系统设计、楼宇自动化控制等课程。','[\"💡 建筑供配电系统\", \"💡 智能建筑系统集成\", \"💡 单片机原理与应用\", \"💡 自动控制原理\", \"💡 传感器与检测技术\"]','[\"💡 智能楼宇实训\", \"💡 供配电系统设计\", \"💡 传感器实验\", \"💡 生产实习\", \"🎓 毕业设计\"]','💰 工程师/技术主管/项目经理，起薪8-15K，稳定增长。','💪 动手能力强/💬 喜欢与人沟通/🌟 希望稳定工作的同学',8,'2025-04-17 13:22:23','2025-04-17 13:22:23'),(93,'工商管理','⏳ 4年','📚 本专业培养具备现代企业管理理论和实践能力的复合型人才，涵盖战略规划、市场营销、人力资源等多个方向。','🎓 本科','💼 培养能够适应全球化经济环境的企业管理者，重点强化战略决策能力和团队领导力。','📊 注重案例分析与实战演练，提供企业实习机会，开设创新创业课程。','[\"📈 管理学原理\", \"💰 财务管理\", \"👥 人力资源管理\", \"🎯 战略管理\", \"🛒 市场营销\"]','[\"📋 商业计划书撰写\", \"🏢 企业模拟经营\", \"🤝 实习实训\", \"🎓 毕业论文\"]','💰 企业管理者/创业者/咨询顾问，起薪8-15K，3-5年经验可达20-30K。','👥 善于沟通协调/💡 具备领导潜质/🌟 渴望快速成长的学生',12,'2025-04-18 03:35:22','2025-04-18 03:35:22'),(94,'会计学','⏳ 4年','📝 本专业培养掌握会计、审计及财务管理知识与技能的应用型人才，为企事业单位输送财务精英。','🎓 本科','📋 培养具备国际视野的财务专家，熟悉国内外会计准则，精通财务分析与风险管理。','📊 开设CPA/CFA考试辅导课程，配备财务软件实训平台。','[\"📖 财务会计\", \"🔍 审计学\", \"📋 成本管理会计\", \"💰 财务报表分析\", \"⚖️ 税法\"]','[\"💻 财务软件操作\", \"📋 企业财务实习\", \"📝 模拟审计项目\", \"🎓 毕业设计\"]','💰 注册会计师/财务分析师/审计师，起薪6-12K，3-5年经验可达15-30K。','📋 细心严谨/💡 对数字敏感/🌟 追求稳定发展的学生',2,'2025-04-18 03:35:22','2025-04-18 03:35:22'),(95,'市场营销(专科,本科)','⏳ 3年(专科), 4年(本科)','🎯 本专业培养具备市场调研、品牌推广、销售管理等技能的复合型人才，专科侧重实操，本科注重理论与实践结合。','🎓 专科,本科','🌐 培养能够洞察市场需求、制定营销策略的专业人士，强化数据分析与新媒体运营能力。','📱 开设短视频营销、直播带货等前沿课程，提供电商实战机会。','[\"📊 市场调研与预测\", \"🎨 品牌管理\", \"📱 数字营销\", \"📈 广告策划\", \"🤝 客户关系管理\"]','[\"🎥 短视频制作实训\", \"📱 直播带货实践\", \"🌐 新媒体运营\", \"🏢 实习实训\", \"🎓 毕业设计\"]','💰 市场专员/品牌经理/电商运营，起薪5-10K，3-5年经验可达15-30K。','🎯 擅长沟通表达/💡 创意丰富/🌟 关注市场动态的学生',12,'2025-04-18 03:35:22','2025-04-18 03:35:22'),(96,'物流管理','⏳ 4年','🚚 本专业培养掌握现代物流运作与供应链管理知识与技能的应用型人才，为现代企业提供高效解决方案。','🎓 本科','📦 培养能够优化供应链流程、提升物流效率的专业人士，重点强化信息化管理和数据分析能力。','📊 开设智慧物流、冷链物流等特色课程，配备物流仿真系统。','[\"📦 物流管理基础\", \"📊 供应链管理\", \"💻 物流信息系统\", \"🚀 国际物流\", \"📋 仓储与配送管理\"]','[\"🎮 物流仿真模拟\", \"💼 实习实训\", \"📦 仓储管理实践\", \"🚗 配送流程实训\", \"🎓 毕业设计\"]','💰 物流专员/供应链分析师/仓储经理，起薪6-10K，3-5年经验可达15-25K。','🚚 注重效率优化/💡 数据驱动/🌟 对物流行业感兴趣的学生',12,'2025-04-18 03:35:22','2025-04-18 03:35:22'),(97,'电子商务(专科,本科)','⏳ 3年(专科), 4年(本科)','💻 本专业培养具备互联网商务运作能力的复合型人才，专科注重实际操作，本科强调理论与实践结合。','🎓 专科,本科','🌐 培养能够运用电商平台进行商业活动的专才，重点强化数据分析与用户行为研究能力。','📊 开设跨境电商、数据营销等课程，提供电商平台实战机会。','[\"🌐 电子商务概论\", \"📈 数据分析\", \"📱 移动商务\", \"📋 网络营销\", \"📦 物流与供应链管理\"]','[\"🌐 电商平台运营\", \"📈 数据分析实训\", \"📱 移动应用开发\", \"💼 实习实训\", \"🎓 毕业设计\"]','💰 电商运营/数据分析员/跨境电商专员，起薪5-10K，3-5年经验可达15-30K。','💻 熟悉互联网/💡 数据敏感/🌟 关注电商发展动态的学生',12,'2025-04-18 03:35:22','2025-04-18 03:35:22'),(98,'旅游管理','⏳ 4年','🌍 本专业培养具备旅游管理专业知识和实践能力，能在旅行社、酒店、景区等旅游相关行业从事管理工作的应用型人才。','🎓 本科','💫 培养具有国际视野的旅游管理专家，强调服务意识与客户关系管理，毕业生可胜任旅游行业的策划、运营与管理岗位。','📋 强调跨学科知识整合（如旅游+设计），开设旅游规划、酒店管理、活动策划等课程，配备校企合作项目。','[\"🌍 旅游学概论\", \"Hôtel 酒店管理\", \"🎉 旅游策划与营销\", \"💼 旅游法律法规\", \"📊 数据分析与决策\", \"🌐 国际旅游市场\"]','[\"🌍 旅游线路设计实训\", \"Hôtel 酒店运营模拟\", \"🎉 旅游活动策划\", \"💼 行业实习\", \"🎓 毕业论文\"]','💰 平均起薪6-12K，3-5年经验可达15-25K，热门方向包括旅游策划师、酒店运营经理、景区管理主管等。','🌍 喜欢旅行/🤝 善于人际交往/💪 愿意接受挑战与变化的同学',12,'2025-04-18 06:58:30','2025-04-18 06:58:30'),(99,'行政管理','⏳ 4年','💼 本专业培养具备公共管理知识与技能，能在政府机关、企事业单位从事行政管理工作的应用型人才。','🎓 本科','🌟 培养具有国际视野的行政管理专家，强调组织协调与政策执行能力，毕业生可胜任各级政府部门及企事业单位的行政岗位。','📝 强调文书写作与沟通技巧，开设行政管理、公共政策、领导力发展等课程，配备模拟办公环境。','[\"💼 行政管理学\", \"📝 公共政策分析\", \"📊 统计学\", \"📝 公文写作\", \"🤝 协调与沟通\", \"🌐 国际事务管理\"]','[\"📝 公文写作实训\", \"🤝 沟通技巧训练\", \"💼 模拟政务办公\", \"🏢 政府部门实习\", \"🎓 毕业论文\"]','💰 平均起薪7-12K，3-5年经验可达15-25K，热门方向包括行政助理、办公室主任、政策研究员等。','🌟 注重组织协调/📝 善于文书写作/💪 愿意稳定发展的同学',12,'2025-04-18 06:58:30','2025-04-18 06:58:30');
/*!40000 ALTER TABLE `majors` ENABLE KEYS */;
UNLOCK TABLES;

--
-- Table structure for table `question`
--

DROP TABLE IF EXISTS `question`;
/*!40101 SET @saved_cs_client     = @@character_set_client */;
/*!50503 SET character_set_client = utf8mb4 */;
CREATE TABLE `question` (
  `id` int unsigned NOT NULL AUTO_INCREMENT,
  `score_total` int unsigned DEFAULT NULL COMMENT '总分',
  `analyze_data` json DEFAULT NULL COMMENT '分析之后的数据',
  `question_json` json DEFAULT NULL,
  PRIMARY KEY (`id`)
) ENGINE=InnoDB AUTO_INCREMENT=153 DEFAULT CHARSET=utf8mb4 COLLATE=utf8mb4_0900_ai_ci COMMENT='ai分析问题表';
/*!40101 SET character_set_client = @saved_cs_client */;

--
-- Dumping data for table `question`
--

LOCK TABLES `question` WRITE;
/*!40000 ALTER TABLE `question` DISABLE KEYS */;
INSERT INTO `question` VALUES (149,661,'{\"DataList\": [{\"id\": 230, \"type\": \"专业技术类\", \"title\": \"财务分析师\", \"salary\": \"年薪 15-30万 💰\", \"outlook\": \"在政策导向表述法下，\'十四五\'规划强调了加强企业财务管理的重要性，推动了财务分析师岗位的需求。特别是...\", \"matchScore\": 92, \"description\": \"财务分析师主要负责分析公司的财务数据，为管理层提供决策支持。他们需要编制财务报表、进行预算分析、评估...\"}, {\"id\": 218, \"type\": \"专业技术类\", \"title\": \"数据分析师\", \"salary\": \"年薪 15-35万 💰\", \"outlook\": \"在数据要素被纳入生产要素的国家战略背景下，各行业数据分析岗位年增长率超25%。企业数字化转型进入深水...\", \"matchScore\": 88, \"description\": \"数据分析师通过挖掘数据价值为企业决策提供支持，工作内容包括数据清洗、统计分析、可视化呈现以及构建预测...\"}, {\"id\": 231, \"type\": \"服务业类\", \"title\": \"人力资源专员\", \"salary\": \"年薪 10-20万 💰\", \"outlook\": \"在政策导向表述法下，\'十四五\'规划强调了加强人力资源管理的重要性，推动了人力资源专员岗位的需求。特别...\", \"matchScore\": 85, \"description\": \"人力资源专员负责招聘、培训、员工关系管理和薪酬福利等工作。他们需要与各部门紧密合作，确保公司的人力资...\"}, {\"id\": 217, \"type\": \"管理类\", \"title\": \"项目经理\", \"salary\": \"年薪 20-40万 💰\", \"outlook\": \"在全球经济复苏的大背景下，企业对项目管理的需求持续增长。根据PMI发布的《职业脉搏调查》，全球范围内...\", \"matchScore\": 80, \"description\": \"项目经理负责制定项目计划、协调资源、监督执行并确保项目按时交付。他们需要与团队成员、客户和其他利益相...\"}], \"description\": \"根据你的回答，你是一个喜欢与人沟通、倾向于稳定可预测的工作节奏，并且擅长逻辑分析和财务/数据分析的人。你更适应专注型的工作环境，希望深耕单一领域，并且通过详细日程表来管理时间。你希望通过挑战自我来获得工作动力，并且更擅长通过邮件和报告的形式进行沟通。你更愿意在办公室工作。✨\", \"whyRecommend\": \"基于你的兴趣、技能和市场趋势，我们为您精选了以下职业。🎯\"}','[{\"score\": 1, \"answer\": \"我喜欢与人沟通\", \"question\": \"你更喜欢与人沟通，还是独自工作？\"}, {\"score\": 82, \"answer\": \"稳定可预测\", \"question\": \"你更倾向于哪种工作节奏？\"}, {\"score\": 33, \"answer\": \"深耕单一领域\", \"question\": \"你更喜欢专业化发展，还是多领域涉猎？\"}, {\"score\": 3, \"answer\": \"我擅长逻辑分析\", \"question\": \"你更擅长逻辑分析，还是创意设计？\"}, {\"score\": 109, \"answer\": \"专注型环境\", \"question\": \"你更适应哪种工作环境？\"}, {\"score\": 89, \"answer\": \"财务/数据分析\", \"question\": \"你更擅长处理哪种类型的信息？\"}, {\"score\": 151, \"answer\": \"详细日程表\", \"question\": \"你更倾向于哪种时间管理方式？\"}, {\"score\": 129, \"answer\": \"挑战自我\", \"question\": \"你更倾向于哪种工作动机？\"}, {\"score\": 59, \"answer\": \"邮件/报告\", \"question\": \"你更擅长以下哪种沟通形式？\"}, {\"score\": 5, \"answer\": \"我喜欢在办公室工作\", \"question\": \"你愿意在办公室工作，还是远程办公？\"}]'),(150,617,'{\"DataList\": [{\"id\": 208, \"type\": \"管理类\", \"title\": \"产品经理\", \"salary\": \"年薪 25-45万 💰\", \"outlook\": \"随着数字化转型的深入推进，产品经理的需求量持续增长，尤其是在互联网、金融和制造业等领域。政策层面，国...\", \"matchScore\": 90, \"description\": \"产品经理是企业中负责产品全生命周期管理的重要角色，需要协调研发、市场、运营等多个部门，确保产品按时高...\"}, {\"id\": 217, \"type\": \"管理类\", \"title\": \"项目经理\", \"salary\": \"年薪 20-40万 💰\", \"outlook\": \"在全球经济复苏的大背景下，企业对项目管理的需求持续增长。根据PMI发布的《职业脉搏调查》，全球范围内...\", \"matchScore\": 85, \"description\": \"项目经理负责制定项目计划、协调资源、监督执行并确保项目按时交付。他们需要与团队成员、客户和其他利益相...\"}, {\"id\": 232, \"type\": \"专业技术类\", \"title\": \"研发经理\", \"salary\": \"年薪 20-50万 💰\", \"outlook\": \"政策导向表述法：国家对于科技创新的大力支持，使得研发经理成为高新技术企业中的核心岗位。特别是在人工智...\", \"matchScore\": 80, \"description\": \"研发经理负责研发团队的管理和技术方向的把控，确保研发项目顺利进行。他们需要具备深厚的技术背景和优秀的...\"}, {\"id\": 222, \"type\": \"专业技术类\", \"title\": \"数据科学家\", \"salary\": \"年薪 30-50万 💰\", \"outlook\": \"数据科学作为一门交叉学科，在过去几年中经历了爆炸式增长。随着各行各业加速数字化转型，对数据科学家的需...\", \"matchScore\": 75, \"description\": \"数据科学家通过运用统计学、机器学习和大数据技术，从海量数据中提取有价值的信息并建立预测模型，帮助企业...\"}], \"description\": \"根据你的回答，你是一个喜欢追求突破性改变、重视规则和职业发展的人。你在工作中愿意接受一定的加班，并且擅长与人沟通，能够主动协调解决工作中的冲突。你更倾向于深耕单一领域，并且看重领导的业务水平。在处理工作关系方面，你更擅长纵向管理。✨\", \"whyRecommend\": \"基于你的兴趣、技能和市场趋势，我们为您精选了以下职业。🎯\"}','[{\"score\": 93, \"answer\": \"突破性改变\", \"question\": \"你更倾向于哪种创新方式？\"}, {\"score\": 63, \"answer\": \"规则很重要\", \"question\": \"你如何看待工作中的规章制度？\"}, {\"score\": 147, \"answer\": \"跨领域发展\", \"question\": \"你更愿意承担什么类型的风险？\"}, {\"score\": 21, \"answer\": \"更看重职业发展\", \"question\": \"你更看重职业发展还是薪资待遇？\"}, {\"score\": 30, \"answer\": \"必要时可以接受\", \"question\": \"你如何看待加班文化？\"}, {\"score\": 1, \"answer\": \"我喜欢与人沟通\", \"question\": \"你更喜欢与人沟通，还是独自工作？\"}, {\"score\": 25, \"answer\": \"主动协调解决\", \"question\": \"面对工作冲突时，你通常如何处理？\"}, {\"score\": 33, \"answer\": \"深耕单一领域\", \"question\": \"你更喜欢专业化发展，还是多领域涉猎？\"}, {\"score\": 78, \"answer\": \"业务水平过硬\", \"question\": \"你更看重领导的哪种特质？\"}, {\"score\": 126, \"answer\": \"纵向管理\", \"question\": \"你更擅长处理什么类型的工作关系？\"}]'),(151,2848,'{\"DataList\": [{\"id\": 85, \"type\": \"工学\", \"title\": \"计算机科学与技术\", \"degreeType\": \"🎓 本科\", \"matchScore\": 88, \"description\": \"🚀 本专业培养德智体美劳全面发展，掌握数学与自然科学基础知识以及与计算系统相关的基本理论、技能和方...\", \"studyDuration\": \"⏳ 4年\"}, {\"id\": 86, \"type\": \"工学\", \"title\": \"电气工程及其自动化\", \"degreeType\": \"🎓 本科\", \"matchScore\": 85, \"description\": \"⚡ 本专业培养掌握电力系统分析、控制及自动化技术的基础知识和技能，具备解决复杂工程问题的能力，能在电...\", \"studyDuration\": \"⏳ 4年\"}, {\"id\": 88, \"type\": \"工学\", \"title\": \"机械设计制造及其自动化\", \"degreeType\": \"🎓 本科\", \"matchScore\": 82, \"description\": \"⚙️ 本专业培养掌握机械设计、制造及自动化技术的基础知识和技能，具备解决复杂工程问题的能力，能在机械...\", \"studyDuration\": \"⏳ 4年\"}, {\"id\": 90, \"type\": \"工学\", \"title\": \"土木工程\", \"degreeType\": \"🎓 本科\", \"matchScore\": 80, \"description\": \"🏠 本专业培养掌握土木工程设计、施工与管理能力的高级专门人才，涵盖结构设计、道路桥梁、地下工程等多...\", \"studyDuration\": \"⏳ 4年\"}, {\"id\": 87, \"type\": \"工学\", \"title\": \"电子信息工程\", \"degreeType\": \"🎓 本科\", \"matchScore\": 78, \"description\": \"📱 本专业培养掌握信号处理、通信技术、电子系统设计的基础知识和技能，具备信息获取、传输和处理能力，...\", \"studyDuration\": \"⏳ 4年\"}], \"description\": \"✨ 根据你的回答，你是一个目标明确、善于规划且注重实际成果的人。你在面对困难时能够制定详细的补习计划，并通过充分准备来应对考试压力。你喜欢构建知识框架，并倾向于成为技术权威。你重视文凭和职业发展，喜欢通过费曼学习法来内化知识。你希望工作与兴趣相结合，并通过在线学习不断提升自己。\", \"whyRecommend\": \"🎯 基于你的兴趣、技能和市场趋势，我们为您精选了以下专业\"}','[{\"score\": 160, \"answer\": \"制定补习计划\", \"question\": \"面对不擅长的科目，你会：\"}, {\"score\": 192, \"answer\": \"充分准备\", \"question\": \"你如何应对考试压力？\"}, {\"score\": 305, \"answer\": \"构建知识框架\", \"question\": \"你更倾向哪种考试复习策略？\"}, {\"score\": 389, \"answer\": \"技术权威\", \"question\": \"你更倾向哪种社会角色？\"}, {\"score\": 365, \"answer\": \"文凭\", \"question\": \"你更看重教育阶段的哪些收获？\"}, {\"score\": 361, \"answer\": \"费曼学习法\", \"question\": \"你更倾向哪种知识内化方式？\"}, {\"score\": 309, \"answer\": \"工作=兴趣\", \"question\": \"你对未来工作与兴趣的关系看法是？\"}, {\"score\": 257, \"answer\": \"在线学习\", \"question\": \"你更倾向哪种课外提升方式？\"}, {\"score\": 285, \"answer\": \"理性解决问题\", \"question\": \"面对学习焦虑，你通常会：\"}, {\"score\": 225, \"answer\": \"政府/学校统计\", \"question\": \"你更信任哪种职业信息渠道？\"}]'),(152,2821,'{\"DataList\": [{\"id\": 93, \"type\": \"管理学\", \"title\": \"工商管理\", \"degreeType\": \"🎓 本科\", \"matchScore\": 87, \"description\": \"📚 本专业培养具备现代企业管理理论和实践能力的复合型人才，涵盖战略规划、市场营销、人力资源等多个方...\", \"studyDuration\": \"⏳ 4年\"}, {\"id\": 98, \"type\": \"管理学\", \"title\": \"旅游管理\", \"degreeType\": \"🎓 本科\", \"matchScore\": 85, \"description\": \"🌍 本专业培养具备旅游管理专业知识和实践能力，能在旅行社、酒店、景区等旅游相关行业从事管理工作的应...\", \"studyDuration\": \"⏳ 4年\"}, {\"id\": 96, \"type\": \"管理学\", \"title\": \"物流管理\", \"degreeType\": \"🎓 本科\", \"matchScore\": 84, \"description\": \"🚚 本专业培养掌握现代物流运作与供应链管理知识与技能的应用型人才，为现代企业提供高效解决方案。\", \"studyDuration\": \"⏳ 4年\"}, {\"id\": 99, \"type\": \"管理学\", \"title\": \"行政管理\", \"degreeType\": \"🎓 本科\", \"matchScore\": 83, \"description\": \"💼 本专业培养具备公共管理知识与技能，能在政府机关、企事业单位从事行政管理工作的应用型人才。\", \"studyDuration\": \"⏳ 4年\"}], \"description\": \"🎯 根据你的回答，你是一个注重实践与社交互动，倾向于组织协调且重视文凭的人。\", \"whyRecommend\": \"🎯 基于你的兴趣、技能和市场趋势，我们为您精选了以下职业\"}','[{\"score\": 286, \"answer\": \"运动/娱乐\", \"question\": \"面对学习焦虑，你通常会：\"}, {\"score\": 304, \"answer\": \"如编程+设计\", \"question\": \"你更关注哪种学科联动？\"}, {\"score\": 343, \"answer\": \"结识业内人士\", \"question\": \"你更看重实习的哪些价值？\"}, {\"score\": 278, \"answer\": \"按任务量调整\", \"question\": \"你更倾向如何分配每日学习时间？\"}, {\"score\": 309, \"answer\": \"工作=兴趣\", \"question\": \"你对未来工作与兴趣的关系看法是？\"}, {\"score\": 390, \"answer\": \"组织协调者\", \"question\": \"你更倾向哪种社会角色？\"}, {\"score\": 218, \"answer\": \"应用型专科\", \"question\": \"你未来的学历目标是？\"}, {\"score\": 365, \"answer\": \"文凭\", \"question\": \"你更看重教育阶段的哪些收获？\"}, {\"score\": 157, \"answer\": \"自己练习时收获大\", \"question\": \"你更擅长以下哪种学习场景？\"}, {\"score\": 171, \"answer\": \"先工作再提升\", \"question\": \"你更倾向哪种升学路径？\"}]');
/*!40000 ALTER TABLE `question` ENABLE KEYS */;
UNLOCK TABLES;

--
-- Table structure for table `resume`
--

DROP TABLE IF EXISTS `resume`;
/*!40101 SET @saved_cs_client     = @@character_set_client */;
/*!50503 SET character_set_client = utf8mb4 */;
CREATE TABLE `resume` (
  `id` bigint unsigned NOT NULL AUTO_INCREMENT COMMENT '简历ID，主键',
  `user_id` bigint unsigned NOT NULL COMMENT '关联用户ID',
  `resume_name` varchar(25) NOT NULL COMMENT '简历名称',
  `structured_data` text COMMENT 'AI分析后的结构化数据',
  `original_text` json DEFAULT NULL COMMENT '原始简历内容',
  `is_default` tinyint(1) NOT NULL DEFAULT '0' COMMENT '1在使用 0不在使用',
  PRIMARY KEY (`id`),
  KEY `idx_user_id` (`user_id`) COMMENT '用户ID索引',
  CONSTRAINT `fk_resume_user` FOREIGN KEY (`user_id`) REFERENCES `user` (`id`) ON DELETE CASCADE
) ENGINE=InnoDB AUTO_INCREMENT=21 DEFAULT CHARSET=utf8mb4 COLLATE=utf8mb4_0900_ai_ci COMMENT='用户简历信息表';
/*!40101 SET character_set_client = @saved_cs_client */;

--
-- Dumping data for table `resume`
--

LOCK TABLES `resume` WRITE;
/*!40000 ALTER TABLE `resume` DISABLE KEYS */;
INSERT INTO `resume` VALUES (4,1,'测试11','## 优势分析  \n- 教育背景优秀：🎓 清华大学计算机科学与技术专业工学学士，名校背景为职业发展奠定坚实基础  \n- 顶级企业经验：💼 曾在字节跳动和腾讯担任高级软件工程师，积累了丰富的行业实战经验  \n- 技能全面覆盖：💻 掌握多种主流前端与后端技术（如JavaScript、Python），并熟悉数据分析，技术栈广泛且实用  \n- 开源影响力：🌟 开源项目获得千星好评，证明了技术实力及行业认可度  \n- 语言能力突出：💬 英语流利，跨文化沟通能力强  \n\n## 缺点分析  \n- 职业路径单一：⚡ 仅限于软件工程领域，缺乏其他方向（如产品、运营）的跨界尝试  \n- 缺乏软技能展示：💬 未提及领导力或团队协作能力的案例，可能影响综合评价  \n- 项目细节有限：📝 项目描述较为简略，未具体量化成果（如用户增长、性能提升等）  \n- 职业稳定性待观察：🔥 在两家公司任职时间较短，需进一步展现长期忠诚度与稳定性  \n\n## 面试建议  \n- 深入挖掘项目细节：📊 准备详细说明开源项目的具体功能、技术难点以及解决方法  \n- 展现团队合作经历：🤝 可补充参与团队协作的案例，强调自身在其中的角色与贡献  \n- 强调成长轨迹：📈 分享在字节跳动和腾讯的职业成长路径，突出快速学习能力  \n- 准备行为面试问题：💬 练习STAR法则回答问题，展示过往成功案例  \n\n## 总结  \n- 该简历具备较高竞争力，名校背景与头部企业经验为其加分不少，尤其在技术领域具有明显优势  \n- 建议进一步丰富项目描述中的量化指标，并适当增加软技能相关的实例以平衡技术与综合能力展示  \n- 针对不同职位类型，可调整简历侧重点，例如针对研发岗突出技术深度，针对管理岗则强化领导力与团队管理经验  \n- 长远来看，持续深耕现有技术栈的同时，探索跨领域的可能性有助于拓宽职业边界','{\"work\": [{\"name\": \"字节跳动\", \"endDate\": \"2023-05-31\", \"summary\": \"负责抖音后端服务开发\", \"position\": \"高级软件工程师\", \"startDate\": \"2020-06-01\", \"highlights\": [\"领导团队开发了高并发的视频推荐系统\", \"优化了API响应时间，降低了30%的延迟\"]}, {\"name\": \"腾讯科技\", \"endDate\": \"2020-05-31\", \"summary\": \"参与微信支付系统开发\", \"position\": \"软件工程师\", \"startDate\": \"2018-07-01\", \"highlights\": [\"实现了支付系统的关键安全功能\", \"参与设计了分布式事务处理方案\"]}], \"awards\": [{\"date\": \"2022-12-15\", \"title\": \"优秀员工奖\", \"awarder\": \"字节跳动\", \"summary\": \"表彰在2022年度的杰出贡献\"}], \"basics\": {\"url\": \"https://zhangsan.dev\", \"name\": \"喜喜啊\", \"email\": \"zhangsan@example.com\", \"image\": \"https://example.com/photo.jpg\", \"label\": \"不高级软件工程师\", \"phone\": \"+86 138 1234 5678\", \"summary\": \"5年全栈开发经验，精通JavaScript和Python，热衷于开源贡献和技术社区建设。\", \"location\": {\"city\": \"北京\", \"region\": \"海淀区\", \"address\": \"北京市海淀区中关村\", \"postalCode\": \"100080\", \"countryCode\": \"CN\"}, \"profiles\": [{\"url\": \"https://github.com/zhangsan\", \"network\": \"GitHub\", \"username\": \"zhangsan\"}, {\"url\": \"https://linkedin.com/in/zhangsan\", \"network\": \"LinkedIn\", \"username\": \"zhangsan\"}]}, \"skills\": [{\"name\": \"JavaScript\", \"level\": \"专家\", \"keywords\": [\"Node.js\", \"React\", \"Vue.js\"]}, {\"name\": \"Python\", \"level\": \"高级\", \"keywords\": [\"Django\", \"Flask\", \"数据分析\"]}], \"projects\": [{\"name\": \"开源项目管理系统\", \"endDate\": \"2021-12-31\", \"startDate\": \"2021-03-01\", \"highlights\": [\"获得了1000+ GitHub stars\", \"被多个公司采用作为内部项目管理工具\"], \"description\": \"一个基于React和Node.js的开源项目管理系统\"}], \"education\": [{\"area\": \"计算机科学与技术\", \"score\": \"GPA 3.8/4.0\", \"courses\": [\"数据结构与算法\", \"操作系统\", \"计算机网络\", \"数据库系统\"], \"endDate\": \"2018-06-30\", \"startDate\": \"2014-09-01\", \"studyType\": \"工学学士\", \"institution\": \"清华大学\"}], \"languages\": [{\"fluency\": \"母语\", \"language\": \"中文\"}, {\"fluency\": \"流利\", \"language\": \"英语\"}], \"certificates\": [{\"url\": \"https://example.com/cert/aws\", \"date\": \"2021-08-20\", \"name\": \"AWS认证解决方案架构师\", \"issuer\": \"Amazon Web Services\"}]}',1),(5,1,'测试5','## 优势分析  \n- 专业匹配度高：✅ 95%匹配计算机科学与技术专业，核心技术栈与项目经验紧密结合  \n- 薪资前景优越：💰 拥有AWS认证及丰富的互联网企业经验，预计年薪30-40万人民币  \n- 实战经验丰富：👨‍💻 在字节跳动和腾讯均有超过两年的工作经验，熟悉大型团队协作模式  \n- 技术栈广泛：💻 涉及前端(React/Vue)、后端(Node.js/Django)以及数据分析，跨领域能力强  \n\n## 缺点分析  \n- 技术深度可能有限：⚡ 虽然技能覆盖面广，但在某一细分领域（如深度学习或区块链）未见深入研究  \n- 项目描述较简略：📝 项目经历中缺乏具体的技术细节和量化成果展示  \n- 职业发展路径单一：📊 从业至今主要集中在软件工程领域，缺少横向扩展的经验积累  \n- 缺乏最新技术探索：🔥 未提及近两年内接触的前沿技术方向（如元宇宙、Web3.0等）  \n\n## 面试建议  \n- 补充项目细节：🛠️ 针对开源项目，建议补充技术选型理由、性能优化案例及团队分工说明  \n- 深入研究新技术：📚 建议了解并尝试实践AI/机器学习或云计算领域的热门框架和技术趋势  \n- 强化软技能表达：💬 面试时需清晰阐述过往项目的业务价值与个人贡献，避免仅限于技术描述  \n- 持续保持认证更新：🌟 定期关注AWS或其他云平台的新认证，以保持技术领先性  \n\n## 总结  \n- 该简历整体质量较高，匹配度达95%，尤其在多领域技能与实际工作经验方面表现突出  \n- 需注意简历描述稍显泛泛，建议增加更多量化的成果展示和深度技术探讨  \n- 职业发展建议继续深耕现有技术栈，并逐步向更高阶的架构设计或技术管理方向转型  \n- 在未来求职中，建议重点关注云计算与人工智能方向，这将是长期高薪发展的关键领域  \n','{\"work\": [{\"name\": \"字节跳动\", \"endDate\": \"2023-05-31\", \"summary\": \"负责抖音后端服务开发\", \"position\": \"高级软件工程师\", \"startDate\": \"2020-06-01\", \"highlights\": [\"领导团队开发了高并发的视频推荐系统\", \"优化了API响应时间，降低了30%的延迟\"]}, {\"name\": \"腾讯科技\", \"endDate\": \"2020-05-31\", \"summary\": \"参与微信支付系统开发\", \"position\": \"软件工程师\", \"startDate\": \"2018-07-01\", \"highlights\": [\"实现了支付系统的关键安全功能\", \"参与设计了分布式事务处理方案\"]}], \"awards\": [{\"date\": \"2022-12-15\", \"title\": \"优秀员工奖\", \"awarder\": \"字节跳动\", \"summary\": \"表彰在2022年度的杰出贡献\"}], \"basics\": {\"url\": \"https://zhangsan.dev\", \"name\": \"张三\", \"email\": \"zhangsan@example.com\", \"image\": \"https://example.com/photo.jpg\", \"label\": \"高级软件工程师\", \"phone\": \"+86 138 1234 5678\", \"summary\": \"5年全栈开发经验，精通JavaScript和Python，热衷于开源贡献和技术社区建设。\", \"location\": {\"city\": \"北京\", \"region\": \"海淀区\", \"address\": \"北京市海淀区中关村\", \"postalCode\": \"100080\", \"countryCode\": \"CN\"}, \"profiles\": [{\"url\": \"https://github.com/zhangsan\", \"network\": \"GitHub\", \"username\": \"zhangsan\"}, {\"url\": \"https://linkedin.com/in/zhangsan\", \"network\": \"LinkedIn\", \"username\": \"zhangsan\"}]}, \"skills\": [{\"name\": \"JavaScript\", \"level\": \"专家\", \"keywords\": [\"Node.js\", \"React\", \"Vue.js\"]}, {\"name\": \"Python\", \"level\": \"高级\", \"keywords\": [\"Django\", \"Flask\", \"数据分析\"]}], \"projects\": [{\"name\": \"开源项目管理系统\", \"endDate\": \"2021-12-31\", \"startDate\": \"2021-03-01\", \"highlights\": [\"获得了1000+ GitHub stars\", \"被多个公司采用作为内部项目管理工具\"], \"description\": \"一个基于React和Node.js的开源项目管理系统\"}], \"education\": [{\"area\": \"计算机科学与技术\", \"score\": \"GPA 3.8/4.0\", \"courses\": [\"数据结构与算法\", \"操作系统\", \"计算机网络\", \"数据库系统\"], \"endDate\": \"2018-06-30\", \"startDate\": \"2014-09-01\", \"studyType\": \"工学学士\", \"institution\": \"清华大学\"}], \"languages\": [{\"fluency\": \"母语\", \"language\": \"中文\"}, {\"fluency\": \"流利\", \"language\": \"英语\"}], \"certificates\": [{\"url\": \"https://example.com/cert/aws\", \"date\": \"2021-08-20\", \"name\": \"AWS认证解决方案架构师\", \"issuer\": \"Amazon Web Services\"}]}',0),(6,2,'奥术大师','您的简历填写不完整，部分内容可能存在无效信息。完整的简历能帮助您获得更多机会，建议补充以下内容：\n\n    真实的工作/教育经历\n    具体技能与项目经验\n    联系方式等必要信息\n    修改后可再次提交审核，谢谢配合！','{\"work\": [{\"name\": \"字节跳动\", \"endDate\": \"2025-04-29\", \"summary\": \"嘿嘿额黑\", \"position\": \"前端开发工程师\", \"startDate\": \"2025-04-16\", \"highlights\": [\"十多个轨道射灯\"]}], \"awards\": [{\"date\": \"\", \"title\": \"\", \"awarder\": \"\", \"summary\": \"\"}], \"basics\": {\"url\": \"\", \"name\": \"小项\", \"email\": \"3202399145@qq.com\", \"image\": \"\", \"label\": \"前端开发工程师\", \"phone\": \"+8612467889768\", \"summary\": \"广东职业技术学院的学生\", \"location\": {\"city\": \"潍坊市\", \"region\": \"\", \"address\": \"广东职业技术学院\", \"postalCode\": \"\", \"countryCode\": \"\"}, \"profiles\": [{\"url\": \"\", \"network\": \"\", \"username\": \"\"}]}, \"skills\": [{\"name\": \"vue\", \"level\": \"专家\", \"keywords\": [\"node.js\"]}], \"projects\": [{\"name\": \"\", \"endDate\": \"\", \"startDate\": \"\", \"highlights\": [\"\"], \"description\": \"\"}], \"education\": [{\"area\": \"移动应用开发\", \"score\": \"32\", \"courses\": [\"Java开发\"], \"endDate\": \"2025-04-16\", \"startDate\": \"2025-04-23\", \"studyType\": \"学士\", \"institution\": \"清华大学\"}], \"languages\": [{\"fluency\": \"\", \"language\": \"\"}], \"resumeName\": \"奥术大师\", \"certificates\": [{\"url\": \"\", \"date\": \"\", \"name\": \"\", \"issuer\": \"\"}]}',1),(14,1,'测试','您的简历填写不完整，部分内容可能存在无效信息。完整的简历能帮助您获得更多机会，建议补充以下内容：\n    真实的工作/教育经历\n    具体技能与项目经验\n    联系方式等必要信息\n    修改后可再次提交审核，谢谢配合！','{\"work\": [{\"name\": \"11\", \"endDate\": \"2025-04-01\", \"summary\": \"1111111\", \"position\": \"11\", \"startDate\": \"2025-04-15\", \"highlights\": [\"111111\"]}], \"awards\": [{\"date\": \"\", \"title\": \"\", \"awarder\": \"\", \"summary\": \"\"}], \"basics\": {\"url\": \"\", \"name\": \"11\", \"email\": \"111\", \"image\": \"\", \"label\": \"11\", \"phone\": \"111\", \"summary\": \"111\", \"location\": {\"city\": \"\", \"region\": \"\", \"address\": \"\", \"postalCode\": \"\", \"countryCode\": \"\"}, \"profiles\": [{\"url\": \"\", \"network\": \"\", \"username\": \"\"}]}, \"skills\": [{\"name\": \"\", \"level\": \"\", \"keywords\": [\"\"]}], \"projects\": [{\"name\": \"\", \"endDate\": \"\", \"startDate\": \"\", \"highlights\": [\"\"], \"description\": \"\"}], \"education\": [{\"area\": \"1\", \"score\": \"1\", \"courses\": [\"\"], \"endDate\": \"2025-04-15\", \"startDate\": \"2025-04-05\", \"studyType\": \"1\", \"institution\": \"1\"}], \"languages\": [{\"fluency\": \"\", \"language\": \"\"}], \"certificates\": [{\"url\": \"\", \"date\": \"\", \"name\": \"\", \"issuer\": \"\"}]}',0),(15,1,'测试11','## 优势分析  \n- **专业匹配度高**：✅ 95%匹配计算机科学与技术专业，核心课程与实际技能高度契合  \n- **丰富的工作经验**：💼 曾在字节跳动和腾讯担任高级软件工程师，积累了丰富的行业实战经验  \n- **强大的技术栈**：🔧 熟练掌握JavaScript（Node.js、React、Vue.js）和Python（Django、Flask），同时具备数据分析能力  \n- **开源项目经验**：🌟 自主完成开源项目管理系统，获得GitHub 1000+ Stars并被广泛采用  \n- **语言能力优越**：💬 中英文流利，适合国际化团队合作  \n- **行业认可度高**：🏆 拥有AWS认证解决方案架构师资格，进一步提升职业竞争力  \n- **职场荣誉加持**：🎖️ 获得字节跳动“优秀员工奖”，体现优秀的团队协作与领导力  \n\n## 缺点分析  \n- **职业稳定性待观察**：⚠️ 近几年频繁跳槽可能引起雇主对职业规划的担忧  \n- **深度技术积累不足**：⚡ 项目虽多但缺乏深入研究某一领域的技术深度  \n- **行业变化应对能力未知**：💫 新兴技术如AI、区块链等是否具备快速学习的能力未明确体现  \n- **沟通文档能力需加强**：📝 开源项目虽成功但未提及技术文档撰写或社区交流的相关细节  \n\n## 面试建议  \n- **强化深度技术讲解**：📚 针对开源项目的具体实现细节和技术难点进行准备，展现扎实的技术功底  \n- **突出项目管理能力**：📊 分享在字节跳动和腾讯的项目管理经验，体现协调资源与解决问题的能力  \n- **补充技术广度**：🔍 了解AI、云计算等新兴技术趋势，并结合过往经验提出创新见解  \n- **准备STAR法则案例**：💬 使用STAR法则（情境、任务、行动、结果）详细描述过往项目经历，增强说服力  \n\n## 总结  \n- **综合能力突出**：该简历展现了丰富的技术栈和行业经验，匹配度高达95%，适合中高端岗位  \n- **需要优化职业形象**：建议通过稳定的职业发展路径和更深入的技术研究提升雇主信任感  \n- **未来发展建议**：采取“技术深度+项目管理”双轨制成长策略，持续关注云计算和AI领域的发展动态  \n- **最终竞争力提升**：建议继续深化某一技术领域，同时保持对行业趋势的关注，确保长期职业竞争力','{\"work\": [{\"name\": \"字节跳动\", \"endDate\": \"2023-05-31\", \"summary\": \"负责抖音后端服务开发\", \"position\": \"高级软件工程师\", \"startDate\": \"2020-06-01\", \"highlights\": [\"领导团队开发了高并发的视频推荐系统\", \"优化了API响应时间，降低了30%的延迟\"]}, {\"name\": \"腾讯科技\", \"endDate\": \"2020-05-31\", \"summary\": \"参与微信支付系统开发\", \"position\": \"软件工程师\", \"startDate\": \"2018-07-01\", \"highlights\": [\"实现了支付系统的关键安全功能\", \"参与设计了分布式事务处理方案\"]}], \"awards\": [{\"date\": \"2022-12-15\", \"title\": \"优秀员工奖\", \"awarder\": \"字节跳动\", \"summary\": \"表彰在2022年度的杰出贡献\"}], \"basics\": {\"url\": \"https://zhangsan.dev\", \"name\": \"喜喜\", \"email\": \"zhangsan@example.com\", \"image\": \"https://example.com/photo.jpg\", \"label\": \"不高级软件工程师\", \"phone\": \"+86 138 1234 5678\", \"summary\": \"5年全栈开发经验，精通JavaScript和Python，热衷于开源贡献和技术社区建设。\", \"location\": {\"city\": \"北京\", \"region\": \"海淀区\", \"address\": \"北京市海淀区中关村\", \"postalCode\": \"100080\", \"countryCode\": \"CN\"}, \"profiles\": [{\"url\": \"https://github.com/zhangsan\", \"network\": \"GitHub\", \"username\": \"zhangsan\"}, {\"url\": \"https://linkedin.com/in/zhangsan\", \"network\": \"LinkedIn\", \"username\": \"zhangsan\"}]}, \"skills\": [{\"name\": \"JavaScript\", \"level\": \"专家\", \"keywords\": [\"Node.js\", \"React\", \"Vue.js\"]}, {\"name\": \"Python\", \"level\": \"高级\", \"keywords\": [\"Django\", \"Flask\", \"数据分析\"]}], \"projects\": [{\"name\": \"开源项目管理系统\", \"endDate\": \"2021-12-31\", \"startDate\": \"2021-03-01\", \"highlights\": [\"获得了1000+ GitHub stars\", \"被多个公司采用作为内部项目管理工具\"], \"description\": \"一个基于React和Node.js的开源项目管理系统\"}], \"education\": [{\"area\": \"计算机科学与技术\", \"score\": \"GPA 3.8/4.0\", \"courses\": [\"数据结构与算法\", \"操作系统\", \"计算机网络\", \"数据库系统\"], \"endDate\": \"2018-06-30\", \"startDate\": \"2014-09-01\", \"studyType\": \"工学学士\", \"institution\": \"清华大学\"}], \"languages\": [{\"fluency\": \"母语\", \"language\": \"中文\"}, {\"fluency\": \"流利\", \"language\": \"英语\"}], \"certificates\": [{\"url\": \"https://example.com/cert/aws\", \"date\": \"2021-08-20\", \"name\": \"AWS认证解决方案架构师\", \"issuer\": \"Amazon Web Services\"}]}',0),(16,1,'测试11',NULL,'{\"work\": [{\"name\": \"字节跳动\", \"endDate\": \"2023-05-31\", \"summary\": \"负责抖音后端服务开发\", \"position\": \"高级软件工程师\", \"startDate\": \"2020-06-01\", \"highlights\": [\"领导团队开发了高并发的视频推荐系统\", \"优化了API响应时间，降低了30%的延迟\"]}, {\"name\": \"腾讯科技\", \"endDate\": \"2020-05-31\", \"summary\": \"参与微信支付系统开发\", \"position\": \"软件工程师\", \"startDate\": \"2018-07-01\", \"highlights\": [\"实现了支付系统的关键安全功能\", \"参与设计了分布式事务处理方案\"]}], \"awards\": [{\"date\": \"2022-12-15\", \"title\": \"优秀员工奖\", \"awarder\": \"字节跳动\", \"summary\": \"表彰在2022年度的杰出贡献\"}], \"basics\": {\"url\": \"https://zhangsan.dev\", \"name\": \"喜喜啊\", \"email\": \"zhangsan@example.com\", \"image\": \"https://example.com/photo.jpg\", \"label\": \"不高级软件工程师\", \"phone\": \"+86 138 1234 5678\", \"summary\": \"5年全栈开发经验，精通JavaScript和Python，热衷于开源贡献和技术社区建设。\", \"location\": {\"city\": \"北京\", \"region\": \"海淀区\", \"address\": \"北京市海淀区中关村\", \"postalCode\": \"100080\", \"countryCode\": \"CN\"}, \"profiles\": [{\"url\": \"https://github.com/zhangsan\", \"network\": \"GitHub\", \"username\": \"zhangsan\"}, {\"url\": \"https://linkedin.com/in/zhangsan\", \"network\": \"LinkedIn\", \"username\": \"zhangsan\"}]}, \"skills\": [{\"name\": \"JavaScript\", \"level\": \"专家\", \"keywords\": [\"Node.js\", \"React\", \"Vue.js\"]}, {\"name\": \"Python\", \"level\": \"高级\", \"keywords\": [\"Django\", \"Flask\", \"数据分析\"]}], \"projects\": [{\"name\": \"开源项目管理系统\", \"endDate\": \"2021-12-31\", \"startDate\": \"2021-03-01\", \"highlights\": [\"获得了1000+ GitHub stars\", \"被多个公司采用作为内部项目管理工具\"], \"description\": \"一个基于React和Node.js的开源项目管理系统\"}], \"education\": [{\"area\": \"计算机科学与技术\", \"score\": \"GPA 3.8/4.0\", \"courses\": [\"数据结构与算法\", \"操作系统\", \"计算机网络\", \"数据库系统\"], \"endDate\": \"2018-06-30\", \"startDate\": \"2014-09-01\", \"studyType\": \"工学学士\", \"institution\": \"清华大学\"}], \"languages\": [{\"fluency\": \"母语\", \"language\": \"中文\"}, {\"fluency\": \"流利\", \"language\": \"英语\"}], \"certificates\": [{\"url\": \"https://example.com/cert/aws\", \"date\": \"2021-08-20\", \"name\": \"AWS认证解决方案架构师\", \"issuer\": \"Amazon Web Services\"}]}',0),(17,1,'测试11',NULL,'{\"work\": [{\"name\": \"字节跳动\", \"endDate\": \"2023-05-31\", \"summary\": \"负责抖音后端服务开发\", \"position\": \"高级软件工程师\", \"startDate\": \"2020-06-01\", \"highlights\": [\"领导团队开发了高并发的视频推荐系统\", \"优化了API响应时间，降低了30%的延迟\"]}, {\"name\": \"腾讯科技\", \"endDate\": \"2020-05-31\", \"summary\": \"参与微信支付系统开发\", \"position\": \"软件工程师\", \"startDate\": \"2018-07-01\", \"highlights\": [\"实现了支付系统的关键安全功能\", \"参与设计了分布式事务处理方案\"]}], \"awards\": [{\"date\": \"2022-12-15\", \"title\": \"优秀员工奖\", \"awarder\": \"字节跳动\", \"summary\": \"表彰在2022年度的杰出贡献\"}], \"basics\": {\"url\": \"https://zhangsan.dev\", \"name\": \"喜喜啊\", \"email\": \"zhangsan@example.com\", \"image\": \"https://example.com/photo.jpg\", \"label\": \"不高级软件工程师\", \"phone\": \"+86 138 1234 5678\", \"summary\": \"5年全栈开发经验，精通JavaScript和Python，热衷于开源贡献和技术社区建设。\", \"location\": {\"city\": \"北京\", \"region\": \"海淀区\", \"address\": \"北京市海淀区中关村\", \"postalCode\": \"100080\", \"countryCode\": \"CN\"}, \"profiles\": [{\"url\": \"https://github.com/zhangsan\", \"network\": \"GitHub\", \"username\": \"zhangsan\"}, {\"url\": \"https://linkedin.com/in/zhangsan\", \"network\": \"LinkedIn\", \"username\": \"zhangsan\"}]}, \"skills\": [{\"name\": \"JavaScript\", \"level\": \"专家\", \"keywords\": [\"Node.js\", \"React\", \"Vue.js\"]}, {\"name\": \"Python\", \"level\": \"高级\", \"keywords\": [\"Django\", \"Flask\", \"数据分析\"]}], \"projects\": [{\"name\": \"开源项目管理系统\", \"endDate\": \"2021-12-31\", \"startDate\": \"2021-03-01\", \"highlights\": [\"获得了1000+ GitHub stars\", \"被多个公司采用作为内部项目管理工具\"], \"description\": \"一个基于React和Node.js的开源项目管理系统\"}], \"education\": [{\"area\": \"计算机科学与技术\", \"score\": \"GPA 3.8/4.0\", \"courses\": [\"数据结构与算法\", \"操作系统\", \"计算机网络\", \"数据库系统\"], \"endDate\": \"2018-06-30\", \"startDate\": \"2014-09-01\", \"studyType\": \"工学学士\", \"institution\": \"清华大学\"}], \"languages\": [{\"fluency\": \"母语\", \"language\": \"中文\"}, {\"fluency\": \"流利\", \"language\": \"英语\"}], \"certificates\": [{\"url\": \"https://example.com/cert/aws\", \"date\": \"2021-08-20\", \"name\": \"AWS认证解决方案架构师\", \"issuer\": \"Amazon Web Services\"}]}',0),(18,6,'测试12','hfhjf','{\"work\": [{\"name\": \"字节跳动\", \"endDate\": \"2023-05-31\", \"summary\": \"负责抖音后端服务开发\", \"position\": \"高级软件工程师\", \"startDate\": \"2020-06-01\", \"highlights\": [\"领导团队开发了高并发的视频推荐系统\", \"优化了API响应时间，降低了30%的延迟\"]}, {\"name\": \"腾讯科技\", \"endDate\": \"2020-05-31\", \"summary\": \"参与微信支付系统开发\", \"position\": \"软件工程师\", \"startDate\": \"2018-07-01\", \"highlights\": [\"实现了支付系统的关键安全功能\", \"参与设计了分布式事务处理方案\"]}], \"awards\": [{\"date\": \"2022-12-15\", \"title\": \"优秀员工奖\", \"awarder\": \"字节跳动\", \"summary\": \"表彰在2022年度的杰出贡献\"}], \"basics\": {\"url\": \"https://zhangsan.dev\", \"name\": \"喜喜\", \"email\": \"zhangsan@example.com\", \"image\": \"https://example.com/photo.jpg\", \"label\": \"不高级软件工程师\", \"phone\": \"+86 138 1234 5678\", \"summary\": \"5年全栈开发经验，精通JavaScript和Python，热衷于开源贡献和技术社区建设。\", \"location\": {\"city\": \"北京\", \"region\": \"海淀区\", \"address\": \"北京市海淀区中关村\", \"postalCode\": \"100080\", \"countryCode\": \"CN\"}, \"profiles\": [{\"url\": \"https://github.com/zhangsan\", \"network\": \"GitHub\", \"username\": \"zhangsan\"}, {\"url\": \"https://linkedin.com/in/zhangsan\", \"network\": \"LinkedIn\", \"username\": \"zhangsan\"}]}, \"skills\": [{\"name\": \"JavaScript\", \"level\": \"专家\", \"keywords\": [\"Node.js\", \"React\", \"Vue.js\"]}, {\"name\": \"Python\", \"level\": \"高级\", \"keywords\": [\"Django\", \"Flask\", \"数据分析\"]}], \"projects\": [{\"name\": \"开源项目管理系统\", \"endDate\": \"2021-12-31\", \"startDate\": \"2021-03-01\", \"highlights\": [\"获得了1000+ GitHub stars\", \"被多个公司采用作为内部项目管理工具\"], \"description\": \"一个基于React和Node.js的开源项目管理系统\"}], \"education\": [{\"area\": \"计算机科学与技术\", \"score\": \"GPA 3.8/4.0\", \"courses\": [\"数据结构与算法\", \"操作系统\", \"计算机网络\", \"数据库系统\"], \"endDate\": \"2018-06-30\", \"startDate\": \"2014-09-01\", \"studyType\": \"工学学士\", \"institution\": \"清华大学\"}], \"languages\": [{\"fluency\": \"母语\", \"language\": \"中文\"}, {\"fluency\": \"流利\", \"language\": \"英语\"}], \"certificates\": [{\"url\": \"https://example.com/cert/aws\", \"date\": \"2021-08-20\", \"name\": \"AWS认证解决方案架构师\", \"issuer\": \"Amazon Web Services\"}]}',0),(19,6,'测试22',NULL,'{\"work\": [{\"name\": \"字节跳动\", \"endDate\": \"2023-05-31\", \"summary\": \"负责抖音后端服务开发\", \"position\": \"高级软件工程师\", \"startDate\": \"2020-06-01\", \"highlights\": [\"领导团队开发了高并发的视频推荐系统\", \"优化了API响应时间，降低了30%的延迟\"]}, {\"name\": \"腾讯科技\", \"endDate\": \"2020-05-31\", \"summary\": \"参与微信支付系统开发\", \"position\": \"软件工程师\", \"startDate\": \"2018-07-01\", \"highlights\": [\"实现了支付系统的关键安全功能\", \"参与设计了分布式事务处理方案\"]}], \"awards\": [{\"date\": \"2022-12-15\", \"title\": \"优秀员工奖\", \"awarder\": \"字节跳动\", \"summary\": \"表彰在2022年度的杰出贡献\"}], \"basics\": {\"url\": \"https://zhangsan.dev\", \"name\": \"喜喜\", \"email\": \"zhangsan@example.com\", \"image\": \"https://example.com/photo.jpg\", \"label\": \"不高级软件工程师\", \"phone\": \"+86 138 1234 5678\", \"summary\": \"5年全栈开发经验，精通JavaScript和Python，热衷于开源贡献和技术社区建设。\", \"location\": {\"city\": \"北京\", \"region\": \"海淀区\", \"address\": \"北京市海淀区中关村\", \"postalCode\": \"100080\", \"countryCode\": \"CN\"}, \"profiles\": [{\"url\": \"https://github.com/zhangsan\", \"network\": \"GitHub\", \"username\": \"zhangsan\"}, {\"url\": \"https://linkedin.com/in/zhangsan\", \"network\": \"LinkedIn\", \"username\": \"zhangsan\"}]}, \"skills\": [{\"name\": \"JavaScript\", \"level\": \"专家\", \"keywords\": [\"Node.js\", \"React\", \"Vue.js\"]}, {\"name\": \"Python\", \"level\": \"高级\", \"keywords\": [\"Django\", \"Flask\", \"数据分析\"]}], \"projects\": [{\"name\": \"开源项目管理系统\", \"endDate\": \"2021-12-31\", \"startDate\": \"2021-03-01\", \"highlights\": [\"获得了1000+ GitHub stars\", \"被多个公司采用作为内部项目管理工具\"], \"description\": \"一个基于React和Node.js的开源项目管理系统\"}], \"education\": [{\"area\": \"计算机科学与技术\", \"score\": \"GPA 3.8/4.0\", \"courses\": [\"数据结构与算法\", \"操作系统\", \"计算机网络\", \"数据库系统\"], \"endDate\": \"2018-06-30\", \"startDate\": \"2014-09-01\", \"studyType\": \"工学学士\", \"institution\": \"清华大学\"}], \"languages\": [{\"fluency\": \"母语\", \"language\": \"中文\"}, {\"fluency\": \"流利\", \"language\": \"英语\"}], \"certificates\": [{\"url\": \"https://example.com/cert/aws\", \"date\": \"2021-08-20\", \"name\": \"AWS认证解决方案架构师\", \"issuer\": \"Amazon Web Services\"}]}',0),(20,1,'测试11',NULL,'{\"work\": [{\"name\": \"字节跳动\", \"endDate\": \"2023-05-31\", \"summary\": \"负责抖音后端服务开发\", \"position\": \"高级软件工程师\", \"startDate\": \"2020-06-01\", \"highlights\": [\"领导团队开发了高并发的视频推荐系统\", \"优化了API响应时间，降低了30%的延迟\"]}, {\"name\": \"腾讯科技\", \"endDate\": \"2020-05-31\", \"summary\": \"参与微信支付系统开发\", \"position\": \"软件工程师\", \"startDate\": \"2018-07-01\", \"highlights\": [\"实现了支付系统的关键安全功能\", \"参与设计了分布式事务处理方案\"]}], \"awards\": [{\"date\": \"2022-12-15\", \"title\": \"优秀员工奖\", \"awarder\": \"字节跳动\", \"summary\": \"表彰在2022年度的杰出贡献\"}], \"basics\": {\"url\": \"https://zhangsan.dev\", \"name\": \"喜喜啊\", \"email\": \"zhangsan@example.com\", \"image\": \"https://example.com/photo.jpg\", \"label\": \"不高级软件工程师\", \"phone\": \"+86 138 1234 5678\", \"summary\": \"5年全栈开发经验，精通JavaScript和Python，热衷于开源贡献和技术社区建设。\", \"location\": {\"city\": \"北京\", \"region\": \"海淀区\", \"address\": \"北京市海淀区中关村\", \"postalCode\": \"100080\", \"countryCode\": \"CN\"}, \"profiles\": [{\"url\": \"https://github.com/zhangsan\", \"network\": \"GitHub\", \"username\": \"zhangsan\"}, {\"url\": \"https://linkedin.com/in/zhangsan\", \"network\": \"LinkedIn\", \"username\": \"zhangsan\"}]}, \"skills\": [{\"name\": \"JavaScript\", \"level\": \"专家\", \"keywords\": [\"Node.js\", \"React\", \"Vue.js\"]}, {\"name\": \"Python\", \"level\": \"高级\", \"keywords\": [\"Django\", \"Flask\", \"数据分析\"]}], \"projects\": [{\"name\": \"开源项目管理系统\", \"endDate\": \"2021-12-31\", \"startDate\": \"2021-03-01\", \"highlights\": [\"获得了1000+ GitHub stars\", \"被多个公司采用作为内部项目管理工具\"], \"description\": \"一个基于React和Node.js的开源项目管理系统\"}], \"education\": [{\"area\": \"计算机科学与技术\", \"score\": \"GPA 3.8/4.0\", \"courses\": [\"数据结构与算法\", \"操作系统\", \"计算机网络\", \"数据库系统\"], \"endDate\": \"2018-06-30\", \"startDate\": \"2014-09-01\", \"studyType\": \"工学学士\", \"institution\": \"清华大学\"}], \"languages\": [{\"fluency\": \"母语\", \"language\": \"中文\"}, {\"fluency\": \"流利\", \"language\": \"英语\"}], \"certificates\": [{\"url\": \"https://example.com/cert/aws\", \"date\": \"2021-08-20\", \"name\": \"AWS认证解决方案架构师\", \"issuer\": \"Amazon Web Services\"}]}',0);
/*!40000 ALTER TABLE `resume` ENABLE KEYS */;
UNLOCK TABLES;

--
-- Table structure for table `review`
--

DROP TABLE IF EXISTS `review`;
/*!40101 SET @saved_cs_client     = @@character_set_client */;
/*!50503 SET character_set_client = utf8mb4 */;
CREATE TABLE `review` (
  `id` bigint unsigned NOT NULL AUTO_INCREMENT,
  `content` varchar(255) NOT NULL,
  `majors_id` int unsigned DEFAULT NULL,
  `job_id` bigint unsigned DEFAULT NULL,
  `username` varchar(20) NOT NULL DEFAULT '未知用户',
  `user_id` bigint unsigned DEFAULT NULL,
  `report_count` tinyint unsigned NOT NULL DEFAULT '0' COMMENT '举报次数',
  PRIMARY KEY (`id`),
  KEY `majors_idx` (`majors_id`),
  KEY `job_idx` (`job_id`),
  KEY `review_user_id_fk` (`user_id`),
  CONSTRAINT `review_ibfk_1` FOREIGN KEY (`majors_id`) REFERENCES `majors` (`id`) ON DELETE CASCADE ON UPDATE CASCADE,
  CONSTRAINT `review_ibfk_2` FOREIGN KEY (`job_id`) REFERENCES `jobs` (`id`) ON DELETE CASCADE ON UPDATE CASCADE,
  CONSTRAINT `review_user_id_fk` FOREIGN KEY (`user_id`) REFERENCES `user` (`id`) ON DELETE SET NULL ON UPDATE CASCADE
) ENGINE=InnoDB AUTO_INCREMENT=19 DEFAULT CHARSET=utf8mb4 COLLATE=utf8mb4_0900_ai_ci COMMENT='简单评论表';
/*!40101 SET character_set_client = @saved_cs_client */;

--
-- Dumping data for table `review`
--

LOCK TABLES `review` WRITE;
/*!40000 ALTER TABLE `review` DISABLE KEYS */;
INSERT INTO `review` VALUES (3,'这个专业不错',NULL,208,'Because',1,0),(11,'1',86,NULL,'Luannan',4,0),(14,'1',87,NULL,'Luannan',4,3),(18,'这个不错的',NULL,212,'Because',1,0);
/*!40000 ALTER TABLE `review` ENABLE KEYS */;
UNLOCK TABLES;

--
-- Table structure for table `user`
--

DROP TABLE IF EXISTS `user`;
/*!40101 SET @saved_cs_client     = @@character_set_client */;
/*!50503 SET character_set_client = utf8mb4 */;
CREATE TABLE `user` (
  `id` bigint unsigned NOT NULL AUTO_INCREMENT COMMENT '用户ID，主键',
  `username` varchar(20) NOT NULL COMMENT '用户名',
  `phone` varchar(11) NOT NULL COMMENT '手机号',
  `password` varchar(61) NOT NULL COMMENT '密码(MD5加密)',
  `avatar` varchar(255) DEFAULT NULL COMMENT '头像URL',
  `create_at` datetime NOT NULL DEFAULT (now()) COMMENT '注册时间',
  PRIMARY KEY (`id`),
  UNIQUE KEY `idx_phone` (`phone`) COMMENT '手机号唯一索引'
) ENGINE=InnoDB AUTO_INCREMENT=7 DEFAULT CHARSET=utf8mb4 COLLATE=utf8mb4_0900_ai_ci COMMENT='用户基本信息表';
/*!40101 SET character_set_client = @saved_cs_client */;

--
-- Dumping data for table `user`
--

LOCK TABLES `user` WRITE;
/*!40000 ALTER TABLE `user` DISABLE KEYS */;
INSERT INTO `user` VALUES (1,'Because','14754318709','$2a$10$ogt7P8D0hkecOw39UWtd4.YTVAB2GxUJvJJYCxH8s.PlRYIOzQf06',NULL,'2025-04-12 12:11:53'),(2,'14706622489','14706622489','$2a$10$g8Xc4Hnmow.rB6KfXj/vre1zpm70s8l4qMxPkdeaJ8awfcLVj5YJm',NULL,'2025-04-13 10:41:29'),(3,'asd','15708888888','$2a$10$ATJfAn7/oX1y5mI4w2MtJu.C1cO12EEZQQzgsj66lxdX4e3fHG3zu',NULL,'2025-04-13 20:53:26'),(4,'Luannan','18078844530','$2a$10$jWEXLR5L7A2QijR3/eh1aeCBSzD25tyUse3BUEhXyPO2P4si3VAG6',NULL,'2025-04-17 17:53:55'),(5,'Because','14754318708','$2a$10$ZsKI96TC/w1TXvInSC7f4.E4n0wtBLYcFzAhHYlnPpbDVwcTfQaQi',NULL,'2025-04-17 19:35:34'),(6,'test','18888888888','$2a$10$x3Nrn8tvsSPAsF90JfB19uU1TElHzHvrPt/IA21c8Bun54rxIpfLO',NULL,'2025-04-17 19:59:23');
/*!40000 ALTER TABLE `user` ENABLE KEYS */;
UNLOCK TABLES;
/*!40103 SET TIME_ZONE=@OLD_TIME_ZONE */;

/*!40101 SET SQL_MODE=@OLD_SQL_MODE */;
/*!40014 SET FOREIGN_KEY_CHECKS=@OLD_FOREIGN_KEY_CHECKS */;
/*!40014 SET UNIQUE_CHECKS=@OLD_UNIQUE_CHECKS */;
/*!40101 SET CHARACTER_SET_CLIENT=@OLD_CHARACTER_SET_CLIENT */;
/*!40101 SET CHARACTER_SET_RESULTS=@OLD_CHARACTER_SET_RESULTS */;
/*!40101 SET COLLATION_CONNECTION=@OLD_COLLATION_CONNECTION */;
/*!40111 SET SQL_NOTES=@OLD_SQL_NOTES */;

-- Dump completed on 2025-04-18 15:05:23
